PLAYER_ID,PLAYER_NAME,TEAM_ID,TEAM_ABBREVIATION,AGE,GP,W,L,W_PCT,MIN,OFF_RATING,DEF_RATING,NET_RATING,AST_PCT,AST_TO,AST_RATIO,OREB_PCT,DREB_PCT,REB_PCT,TM_TOV_PCT,EFG_PCT,TS_PCT,USG_PCT,PACE,PIE,FGM,FGA,FGM_PG,FGA_PG,FG_PCT,GP_RANK,W_RANK,L_RANK,W_PCT_RANK,MIN_RANK,OFF_RATING_RANK,DEF_RATING_RANK,NET_RATING_RANK,AST_PCT_RANK,AST_TO_RANK,AST_RATIO_RANK,OREB_PCT_RANK,DREB_PCT_RANK,REB_PCT_RANK,TM_TOV_PCT_RANK,EFG_PCT_RANK,TS_PCT_RANK,USG_PCT_RANK,PACE_RANK,PIE_RANK,FGM_RANK,FGA_RANK,FGM_PG_RANK,FGA_PG_RANK,FG_PCT_RANK,CFID,CFPARAMS,PlayerPosition
201143,Al Horford,1610612738,BOS,31,42,30,12,0.714,32.7,108.1,99.7,8.4,0.244,2.63,28.6,0.052,0.203,0.132,10.9,0.587,0.602,0.183,97.46,0.145,227,438,5.4,10.4,0.518,27,4,38,12,7,21,16,10,3,2,3,93,69,82,36,29,32,49,79,15,18,15,18,16,58,5,"201143,1610612738",C
2744,Al Jefferson,1610612754,IND,33,19,8,11,0.421,13.9,104,107.8,-3.8,0.096,1.14,11.2,0.072,0.29,0.182,9.8,0.543,0.565,0.215,98.25,0.138,57,105,3,5.5,0.543,77,73,33,63,67,54,77,65,42,32,56,81,16,33,20,51,61,25,70,21,63,63,42,42,43,5,"2744,1610612754",C
203458,Alex Len,1610612756,PHX,24,41,17,24,0.415,20.8,103.3,108.8,-5.5,0.096,1.02,13.5,0.14,0.282,0.211,13.2,0.551,0.608,0.167,102.53,0.135,124,225,3,5.5,0.551,32,40,91,67,38,58,84,77,41,42,35,11,20,12,64,42,29,61,15,22,39,38,41,43,35,5,"203458,1610612756",C
101161,Amir Johnson,1610612755,PHI,30,38,21,17,0.553,15.5,98.7,102.5,-3.8,0.126,1.58,20.9,0.129,0.205,0.168,13.3,0.545,0.562,0.14,103.92,0.092,77,144,2,3.8,0.535,43,24,57,33,60,86,31,66,22,12,11,16,67,47,65,50,62,88,9,70,57,55,66,66,50,5,"101161,1610612755",C
203083,Andre Drummond,1610612765,DET,24,42,21,21,0.5,33.1,106.1,107,-0.9,0.18,1.36,20,0.163,0.359,0.258,14.7,0.546,0.574,0.205,97.95,0.16,242,443,5.8,10.5,0.546,27,24,76,50,6,42,71,47,9,23,12,5,5,4,76,49,54,32,73,6,13,14,15,15,40,5,"203083,1610612765",C
101106,Andrew Bogut,1610612747,LAL,33,23,7,16,0.304,9.4,94,99.7,-5.7,0.099,0.79,25.1,0.116,0.251,0.181,31.7,0.68,0.696,0.086,102.44,0.081,17,25,0.7,1.1,0.68,73,79,53,92,84,95,17,79,37,63,5,29,35,34,107,2,1,104,16,81,87,90,90,97,2,5,"101106,1610612747",C
1627790,Ante Zizic,1610612739,CLE,21,12,7,5,0.583,3.4,89.1,102.8,-13.7,0.05,0.5,5.9,0.122,0.25,0.185,11.7,0.364,0.462,0.183,98.91,0.108,4,11,0.3,0.9,0.364,89,79,12,29,101,100,32,96,84,85,93,24,36,29,45,98,92,48,54,50,95,96,99,102,97,5,"1627790,1610612739",C
203076,Anthony Davis,1610612740,NOP,24,38,20,18,0.526,36.1,109.2,104.1,5.1,0.105,1.18,9.1,0.087,0.227,0.162,7.7,0.577,0.636,0.277,102.1,0.186,370,664,9.7,17.5,0.557,43,30,61,41,2,15,42,18,32,31,72,69,52,56,14,32,15,7,18,2,2,3,1,3,33,5,"203076,1610612740",C
203382,Aron Baynes,1610612738,BOS,31,46,34,12,0.739,18.4,103.5,95.4,8.1,0.074,0.95,11.8,0.096,0.216,0.157,12.4,0.477,0.511,0.163,97.19,0.087,114,239,2.5,5.2,0.477,2,1,38,9,45,57,7,12,59,50,50,55,59,59,54,81,82,67,84,75,42,36,53,45,71,5,"203382,1610612738",C
1628389,Bam Adebayo,1610612748,MIA,20,36,19,17,0.528,19.9,101.6,105.4,-3.8,0.113,1.46,17.6,0.101,0.203,0.151,12.1,0.551,0.607,0.157,94.5,0.109,92,167,2.6,4.6,0.551,51,36,57,40,41,73,56,67,28,18,15,44,68,65,49,43,30,76,103,47,46,51,48,54,36,5,"1628389,1610612748",C
202687,Bismack Biyombo,1610612753,ORL,25,45,13,32,0.289,18.3,96.2,110,-13.8,0.048,0.54,8.7,0.108,0.239,0.173,16.1,0.523,0.568,0.138,99.99,0.099,92,176,2,3.9,0.523,6,58,107,95,46,89,91,97,85,84,76,35,45,40,87,66,59,89,38,60,46,48,64,63,56,5,"202687,1610612753",C
1626246,Boban Marjanovic,1610612765,DET,29,17,8,9,0.471,8.5,102,107.1,-5.1,0.139,0.55,9.6,0.103,0.248,0.178,17.4,0.515,0.595,0.321,99.31,0.125,34,66,2,3.9,0.515,83,73,27,58,87,71,73,75,16,83,66,42,38,36,95,69,38,4,48,29,77,78,67,64,60,5,"1626246,1610612765",C
201148,Brandan Wright,1610612763,MEM,30,24,10,14,0.417,13.6,102.9,97.1,5.9,0.046,1.5,7.8,0.106,0.186,0.146,5.2,0.568,0.595,0.147,97.34,0.15,50,88,2.1,3.7,0.568,71,67,47,65,68,62,9,16,88,15,81,36,77,71,7,35,37,85,81,13,68,68,58,68,29,5,"201148,1610612763",C
201572,Brook Lopez,1610612747,LAL,29,37,15,22,0.405,21.4,101.5,104.5,-3,0.12,1.05,11.7,0.052,0.131,0.092,11.1,0.497,0.524,0.247,104.66,0.082,162,375,4.4,10.1,0.432,48,51,84,68,35,76,46,59,24,36,51,94,102,103,38,76,78,13,5,80,30,23,27,17,86,5,"201572,1610612747",C
1628403,Caleb Swanigan,1610612757,POR,20,15,8,7,0.533,8.9,94.9,103.3,-8.4,0.118,0.82,13.3,0.101,0.218,0.157,16.2,0.369,0.409,0.192,96.02,0.047,15,42,1,2.8,0.357,85,73,18,38,86,92,38,89,25,61,37,44,58,58,88,97,98,43,98,96,88,86,88,79,98,5,"1628403,1610612757",C
203991,Clint Capela,1610612745,HOU,23,38,30,8,0.789,26.3,114.2,105.6,8.6,0.073,0.7,8.6,0.138,0.328,0.231,12.3,0.669,0.673,0.204,100.01,0.159,234,350,6.2,9.2,0.669,43,4,22,3,22,7,58,9,60,71,78,13,7,8,51,4,5,35,36,7,14,26,8,24,3,5,"203991,1610612745",C
203469,Cody Zeller,1610612766,CHA,25,19,7,12,0.368,19.9,100.6,104.2,-3.6,0.066,0.76,10.2,0.123,0.174,0.147,13.3,0.5,0.568,0.159,101.28,0.089,47,95,2.5,5,0.495,77,79,38,75,40,79,43,64,70,65,61,22,84,67,66,73,58,73,22,74,72,66,54,48,65,5,"203469,1610612766",C
202332,Cole Aldrich,1610612750,MIN,29,10,7,3,0.7,2.2,96.1,126.2,-30.1,0.067,1,10.1,0.095,0.133,0.111,10.1,0.429,0.444,0.175,99.79,0.036,3,7,0.3,0.7,0.429,94,79,7,14,104,90,106,106,67,43,62,56,99,99,25,93,95,55,42,99,99,100,101,104,87,5,"202332,1610612750",C
1626245,Cristiano Felicio,1610612741,CHI,25,25,6,19,0.24,13.5,88.8,114.6,-25.8,0.081,1,14.9,0.081,0.146,0.112,14.9,0.619,0.631,0.121,97.76,0.062,39,63,1.6,2.5,0.619,67,86,65,100,69,101,102,104,53,43,25,75,97,98,79,11,22,97,75,92,75,79,78,83,9,5,"1626245,1610612741",C
1626177,Dakari Johnson,1610612760,OKC,22,20,12,8,0.6,6.3,104.8,87.1,17.7,0.104,2,15,0.099,0.133,0.116,7.5,0.543,0.559,0.161,95.8,0.092,19,35,1,1.8,0.543,75,60,22,27,92,50,6,5,34,7,24,49,99,94,12,51,65,71,99,71,86,88,89,90,43,5,"1626177,1610612760",C
1627745,Damian Jones,1610612744,GSW,22,1,1,0,1,1.8,100,100,0,0,0,0,1,0,0.25,0,0,0,0,80,-0.125,0,0,0,0,0,105,102,1,1,106,80,19,45,100,98,100,1,106,6,1,103,105,107,107,106,103,107,103,107,103,5,"1627745,1610612744",C
1628464,Daniel Theis,1610612738,BOS,25,44,33,11,0.75,13.4,101.6,101.4,0.2,0.074,0.59,10.6,0.103,0.236,0.169,17.9,0.549,0.595,0.167,97.76,0.1,79,152,1.8,3.5,0.52,13,2,33,7,70,74,26,43,58,78,59,41,47,46,97,44,39,62,76,58,56,52,72,71,57,5,"1628464,1610612738",C
201599,DeAndre Jordan,1610612746,LAC,29,41,20,21,0.488,32.1,107.4,108.6,-1.2,0.06,0.76,10.6,0.151,0.359,0.255,14,0.661,0.665,0.143,98.77,0.151,199,301,4.9,7.3,0.661,32,30,76,56,8,30,83,50,74,66,58,9,4,5,71,6,6,87,56,12,23,30,24,33,4,5,"201599,1610612746",C
202326,DeMarcus Cousins,1610612740,NOP,27,44,23,21,0.523,36.1,107.8,106.8,1,0.233,1.03,16.1,0.071,0.32,0.2,15.7,0.528,0.581,0.325,100.92,0.164,375,800,8.5,18.2,0.469,13,19,76,44,1,25,70,40,4,40,19,82,8,14,84,64,49,3,30,4,1,1,2,2,75,5,"202326,1610612740",C
202324,Derrick Favors,1610612762,UTA,26,42,17,25,0.405,28.2,103.6,106.7,-3.1,0.085,1.11,11,0.104,0.183,0.143,9.9,0.557,0.588,0.191,96.24,0.116,213,387,5.1,9.2,0.55,27,40,93,69,18,56,68,61,49,34,57,40,79,73,21,41,44,45,95,40,20,20,21,23,37,5,"202324,1610612762",C
203473,Dewayne Dedmon,1610612737,ATL,28,25,7,18,0.28,23.7,104.8,107.3,-2.5,0.092,0.92,12.4,0.098,0.269,0.187,13.4,0.606,0.627,0.187,99.32,0.122,109,193,4.4,7.7,0.565,67,79,61,98,30,51,74,56,47,53,48,51,27,25,67,16,24,46,47,32,44,46,30,29,31,5,"203473,1610612737",C
1627738,Deyonta Davis,1610612763,MEM,21,31,10,21,0.323,11.9,102.5,104.4,-2,0.079,1,12.6,0.09,0.211,0.152,12.6,0.632,0.646,0.151,98.05,0.118,60,95,1.9,3.1,0.632,61,67,76,91,75,68,45,53,55,43,44,61,60,64,58,10,8,83,71,37,61,66,70,77,8,5,"1627738,1610612763",C
1717,Dirk Nowitzki,1610612742,DAL,39,45,15,30,0.333,25.1,105.3,109.2,-3.9,0.105,2.42,12.9,0.017,0.239,0.125,5.3,0.547,0.576,0.206,97.36,0.121,208,447,4.6,9.9,0.465,6,51,104,85,28,47,87,69,33,3,40,104,44,89,8,48,51,30,80,33,22,13,25,18,77,5,"1717,1610612742",C
1627734,Domantas Sabonis,1610612754,IND,21,44,24,20,0.545,25.2,107.2,105.4,1.8,0.126,1.02,14.2,0.119,0.265,0.192,13.9,0.542,0.582,0.221,98.67,0.128,216,405,4.9,9.2,0.533,13,16,73,36,25,31,55,36,23,41,32,26,30,20,69,54,48,21,58,26,19,19,23,25,51,5,"1627734,1610612754",C
2730,Dwight Howard,1610612766,CHA,32,43,18,25,0.419,30.3,106.5,103.1,3.4,0.074,0.45,7.5,0.124,0.312,0.219,16.7,0.538,0.554,0.242,100.99,0.124,246,457,5.7,10.6,0.538,21,38,93,64,12,35,36,27,57,91,84,21,9,10,92,58,70,14,27,31,12,12,17,14,47,5,"2730,1610612766",C
203939,Dwight Powell,1610612742,DAL,26,44,15,29,0.341,18.6,106.5,101.6,4.9,0.076,1.44,12.5,0.084,0.203,0.144,8.7,0.618,0.645,0.154,97,0.119,125,212,2.8,4.8,0.59,13,51,102,84,43,37,27,19,56,19,45,71,70,72,17,12,9,79,88,35,38,43,46,49,21,5,"203939,1610612742",C
202334,Ed Davis,1610612757,POR,28,45,24,21,0.533,18.2,105.1,102.8,2.3,0.031,0.47,7.1,0.145,0.257,0.202,15,0.548,0.572,0.126,97.31,0.101,92,168,2,3.7,0.548,6,16,76,38,49,48,33,34,97,89,87,10,31,13,81,45,55,93,82,57,46,50,64,67,39,5,"202334,1610612757",C
202327,Ekpe Udoh,1610612762,UTA,30,41,18,23,0.439,16.4,107.8,103.6,4.2,0.098,3.62,26.6,0.09,0.11,0.099,7.4,0.515,0.569,0.089,96.44,0.07,50,97,1.2,2.4,0.515,32,38,86,61,58,26,39,25,39,1,4,62,104,101,11,68,56,103,93,87,68,64,85,85,59,5,"202327,1610612762",C
202683,Enes Kanter,1610612752,NYK,25,43,21,22,0.488,25.2,105.1,108.9,-3.9,0.087,0.83,9.9,0.158,0.284,0.222,11.9,0.597,0.632,0.214,98.51,0.159,250,419,5.8,9.7,0.597,21,24,84,55,26,49,85,68,48,60,64,7,18,9,47,21,20,26,60,8,9,17,14,20,19,5,"202683,1610612752",C
203961,Eric Moreland,1610612765,DET,26,39,20,19,0.513,11.8,99.4,100.7,-1.3,0.131,2.05,35.2,0.106,0.252,0.176,17.2,0.5,0.507,0.079,96.12,0.079,26,52,0.7,1.3,0.5,40,30,65,47,76,83,23,52,21,6,1,37,34,37,94,73,84,105,97,82,84,84,91,94,63,5,"203961,1610612765",C
1626163,Frank Kaminsky,1610612766,CHA,24,40,17,23,0.425,23.2,102.7,108.4,-5.7,0.108,1.87,11.5,0.027,0.162,0.092,6.2,0.489,0.523,0.211,99.36,0.099,162,380,4.1,9.5,0.426,35,40,86,62,32,64,79,78,31,8,52,101,92,104,10,78,79,28,45,59,30,22,32,21,89,5,"1626163,1610612766",C
1627834,Georgios Papagiannis,1610612758,SAC,20,12,1,11,0.083,7.5,112.3,120.4,-8.1,0.072,0.83,12.2,0.108,0.243,0.17,14.6,0.433,0.433,0.168,98.48,0.064,13,30,1.1,2.5,0.433,89,102,33,106,90,10,105,87,62,59,49,33,41,45,75,92,96,60,61,90,90,89,87,84,85,5,"1627834,1610612758",C
203476,Gorgui Dieng,1610612750,MIN,28,44,27,17,0.614,18.2,106.5,111.5,-5,0.093,1.29,14.3,0.089,0.226,0.155,11.1,0.516,0.556,0.165,97.65,0.096,110,225,2.5,5.1,0.489,13,10,57,24,50,36,95,74,46,26,31,65,53,60,39,67,68,65,78,66,43,38,51,46,68,5,"203476,1610612750",C
202328,Greg Monroe,1610612756,PHX,27,20,6,14,0.3,21,101.7,112.1,-10.5,0.175,1.42,18.5,0.114,0.283,0.196,13,0.574,0.597,0.202,100.26,0.144,85,148,4.3,7.4,0.574,75,86,47,93,37,72,97,92,11,20,14,31,19,18,61,33,36,36,35,16,52,53,31,31,28,5,"202328,1610612756",C
202355,Hassan Whiteside,1610612748,MIA,28,27,17,10,0.63,26,99.1,100.2,-1.1,0.047,0.43,4.6,0.118,0.357,0.238,10.8,0.566,0.6,0.235,98.25,0.198,162,288,6,10.7,0.563,65,40,31,19,23,85,21,48,87,92,98,27,6,7,34,38,33,15,68,1,30,31,10,13,32,5,"202355,1610612748",C
101133,Ian Mahinmi,1610612764,WAS,31,44,25,19,0.568,14.5,110.4,105.7,4.8,0.067,0.57,13.6,0.131,0.176,0.154,23.8,0.536,0.594,0.135,98.88,0.049,60,112,1.4,2.5,0.536,13,15,65,31,65,13,60,20,68,80,34,15,82,62,105,59,41,91,55,93,61,61,82,82,49,5,"101133,1610612764",C
1628387,Ike Anigbogu,1610612754,IND,19,10,5,5,0.5,2.8,115.1,132.8,-17.7,0,0,0,0.179,0.154,0.167,14.7,0.444,0.558,0.2,98.25,0.117,4,9,0.4,0.9,0.444,94,90,12,50,102,6,107,100,100,98,100,3,95,48,77,89,66,38,69,38,95,98,97,103,82,5,"1628387,1610612754",C
1627826,Ivica Zubac,1610612747,LAL,20,12,4,8,0.333,3.9,87.8,99.4,-11.7,0.033,0.25,5.3,0.064,0.167,0.112,21.1,0.429,0.429,0.165,97.67,0.026,6,14,0.5,1.2,0.429,89,93,22,85,98,103,14,94,95,96,95,88,91,96,103,93,97,64,77,100,92,94,94,96,87,5,"1627826,1610612747",C
201580,JaVale McGee,1610612744,GSW,30,33,26,7,0.788,8.1,116.7,112.5,4.3,0.085,1.23,12.5,0.097,0.155,0.128,10.2,0.614,0.641,0.178,104.7,0.097,54,88,1.6,2.7,0.614,57,11,18,4,88,4,99,24,50,28,46,53,94,87,27,14,13,52,4,61,65,68,75,80,12,5,"201580,1610612744",C
204022,Jack Cooley,1610612758,SAC,26,1,0,1,0,1.6,173.6,0,173.6,1,0,34.7,0,0.5,0.333,0,0,0.532,0.653,101.4,0,0,1,0,1,0,105,107,3,107,107,1,1,1,1,98,2,105,1,1,1,103,76,1,21,103,103,104,103,98,103,5,"204022,1610612758",C
1626143,Jahlil Okafor,1610612751,BKN,22,12,4,8,0.333,12.1,88.1,113.2,-25.1,0.069,0.5,6.5,0.048,0.208,0.127,12.9,0.474,0.506,0.228,98.67,0.063,27,57,2.3,4.8,0.474,89,93,22,85,74,102,101,103,65,85,90,96,65,88,60,82,86,18,57,91,83,81,56,50,74,5,"1626143,1610612751",C
1627751,Jakob Poeltl,1610612761,TOR,22,44,31,13,0.705,17.5,108,101,7,0.042,0.63,7.6,0.129,0.17,0.149,12.1,0.653,0.644,0.148,101.13,0.096,132,203,3,4.6,0.65,13,3,44,13,52,24,25,14,91,74,83,17,89,66,50,7,10,84,24,65,35,44,42,55,6,5,"1627751,1610612761",C
1628386,Jarrett Allen,1610612751,BKN,19,37,14,23,0.378,17,99.3,106.8,-7.5,0.046,0.57,7,0.098,0.179,0.138,12.3,0.535,0.576,0.156,101.06,0.096,91,172,2.5,4.6,0.529,48,55,86,73,57,84,69,86,89,82,88,50,81,80,52,61,50,78,25,67,49,49,55,53,53,5,"1628386,1610612751",C
201160,Jason Smith,1610612764,WAS,31,18,8,10,0.444,9.7,97,103.1,-6.1,0.056,0.6,6.5,0.077,0.112,0.094,10.9,0.331,0.382,0.21,101.41,0.008,23,71,1.3,3.9,0.324,81,73,31,60,83,87,35,82,80,76,89,77,103,102,37,100,100,29,20,102,85,75,84,62,100,5,"201160,1610612764",C
203481,Jeff Withey,1610612742,DAL,27,9,2,7,0.222,4.4,108.5,82.4,26.1,0,0,0,0.026,0.243,0.132,10.6,0.438,0.444,0.205,100.45,0.084,6,16,0.7,1.8,0.375,96,99,18,102,97,18,3,3,100,98,100,102,40,83,30,91,94,33,34,77,92,93,91,89,95,5,"203481,1610612742",C
201149,Joakim Noah,1610612752,NYK,32,6,1,5,0.167,5.9,89.7,85.1,4.7,0.211,1.33,22.5,0.162,0.2,0.181,16.9,0.444,0.465,0.158,104.76,0.113,4,9,0.7,1.5,0.444,100,102,12,105,94,99,5,21,5,24,10,6,72,35,93,89,91,75,3,41,95,98,91,92,82,5,"201149,1610612752",C
1627762,Joel Bolomboy,1610612749,MIL,23,6,3,3,0.5,6.3,80.7,98.5,-17.7,0,0,0,0.158,0.133,0.147,18.8,0.5,0.521,0.119,97.97,0.07,3,6,0.5,1,0.5,100,96,7,50,91,105,10,101,100,98,100,8,99,68,99,73,80,98,72,85,99,101,94,98,63,5,"1627762,1610612749",C
203954,Joel Embiid,1610612755,PHI,23,32,19,13,0.594,31.4,108.5,99.9,8.6,0.198,0.84,12.4,0.082,0.28,0.188,14.8,0.513,0.582,0.337,101.21,0.182,264,542,8.3,16.9,0.487,60,36,44,28,10,19,18,8,8,57,47,72,24,23,78,71,47,2,23,3,6,7,4,4,69,5,"203954,1610612755",C
203530,Joffrey Lauvergne,1610612759,SAS,26,28,17,11,0.607,10.3,95,103.8,-8.8,0.136,1.26,15.9,0.122,0.211,0.165,12.6,0.458,0.489,0.193,99.34,0.097,44,96,1.6,3.4,0.458,63,40,33,25,80,91,41,90,19,27,22,25,61,50,56,86,90,42,46,64,73,65,77,72,80,5,"203530,1610612759",C
1628381,John Collins,1610612737,ATL,20,38,11,27,0.289,22.1,101.6,106.6,-5,0.082,0.75,9.5,0.136,0.21,0.172,12.6,0.596,0.631,0.198,98.39,0.128,167,281,4.4,7.4,0.594,43,63,97,94,34,75,67,73,51,67,67,14,62,42,59,22,21,39,63,27,29,32,26,32,20,5,"1628381,1610612737",C
203089,John Henson,1610612749,MIL,27,43,22,21,0.512,24.8,110.8,104.6,6.2,0.072,0.93,12.9,0.094,0.226,0.162,13.8,0.59,0.594,0.153,98.34,0.097,158,268,3.7,6.2,0.59,21,23,76,49,29,12,47,15,63,52,41,58,54,55,68,25,40,80,64,62,33,33,36,38,22,5,"203089,1610612749",C
202720,Jon Leuer,1610612765,DET,28,8,5,3,0.625,17.1,99.4,96.9,2.5,0.051,0.63,9,0.054,0.21,0.129,14.4,0.417,0.505,0.161,102.1,0.068,15,36,1.9,4.5,0.417,98,90,7,20,55,82,8,33,82,75,73,91,64,84,72,95,87,72,17,89,88,87,71,56,91,5,"202720,1610612765",C
202685,Jonas Valanciunas,1610612761,TOR,25,40,29,11,0.725,21.2,111.7,106.5,5.2,0.051,0.47,6.2,0.126,0.299,0.218,13.2,0.566,0.622,0.218,100.91,0.139,175,316,4.4,7.9,0.554,35,6,33,11,36,11,66,17,83,90,92,20,11,11,62,37,26,23,31,20,25,29,28,28,34,5,"202685,1610612761",C
1626175,Jordan Mickey,1610612748,MIA,23,16,10,6,0.625,14.4,106.8,110.1,-3.2,0.06,0.64,9.3,0.076,0.291,0.186,14.4,0.485,0.513,0.177,94.54,0.084,32,67,2,4.2,0.478,84,67,16,20,66,33,92,62,75,73,68,78,15,27,73,79,81,54,102,79,79,76,67,59,70,5,"1626175,1610612748",C
201177,Josh McRoberts,1610612742,DAL,30,1,1,0,1,2.6,0,60,-60,0,0,0,0,0,0,0,0,0,0.2,91.72,-1,0,1,0,1,0,105,102,1,1,103,107,2,107,100,98,100,105,106,107,1,103,105,37,105,107,103,104,103,98,103,5,"201177,1610612742",C
203944,Julius Randle,1610612747,LAL,23,45,16,29,0.356,23,102.3,105.4,-3,0.142,0.84,12.7,0.089,0.236,0.164,15.1,0.558,0.593,0.252,103.2,0.129,232,423,5.2,9.4,0.548,6,49,102,80,33,70,54,60,14,58,42,64,48,51,82,40,42,11,11,25,16,16,20,22,38,5,"203944,1610612747",C
203994,Jusuf Nurkic,1610612757,POR,23,42,23,19,0.548,27.1,102.5,102.5,0,0.117,0.7,9.7,0.086,0.236,0.161,13.9,0.467,0.502,0.277,100.01,0.112,247,529,5.9,12.6,0.467,27,19,65,35,19,67,30,44,27,70,65,70,49,57,70,83,88,6,37,43,11,8,12,9,76,5,"203994,1610612757",C
1626157,Karl-Anthony Towns,1610612750,MIN,22,47,29,18,0.617,35.8,113.3,105.7,7.6,0.097,1.11,11.3,0.088,0.302,0.195,10.1,0.592,0.633,0.223,97.04,0.158,355,660,7.6,14,0.538,1,6,61,23,3,8,59,13,40,33,55,68,10,19,24,24,19,20,87,9,3,4,5,7,48,5,"1626157,1610612750",C
203482,Kelly Olynyk,1610612748,MIA,26,45,26,19,0.578,23.7,108.1,107.4,0.6,0.145,1.03,17.1,0.057,0.229,0.143,16.6,0.593,0.626,0.206,96.48,0.108,173,340,3.8,7.6,0.509,6,11,65,30,31,22,75,42,13,39,16,89,51,74,91,23,25,31,90,49,27,27,34,30,62,5,"203482,1610612748",C
201567,Kevin Love,1610612739,CLE,29,43,26,17,0.605,29,109.9,112.5,-2.6,0.099,1.04,9.1,0.081,0.293,0.187,8.8,0.547,0.614,0.261,98.58,0.154,262,569,6.1,13.2,0.46,21,11,57,26,16,14,98,57,38,38,71,74,12,26,18,47,27,10,59,10,7,6,9,8,79,5,"201567,1610612739",C
203920,Khem Birch,1610612753,ORL,25,9,3,6,0.333,6.2,105.7,116.4,-10.6,0.108,1.33,15.5,0.2,0.2,0.2,11.6,0.588,0.64,0.164,97.05,0.132,10,17,1.1,1.9,0.588,96,96,16,85,93,45,104,93,30,24,23,2,72,15,44,27,14,66,86,24,91,92,86,88,23,5,"203920,1610612753",C
201585,Kosta Koufos,1610612758,SAC,28,43,12,31,0.279,18.5,94.7,109.4,-14.7,0.102,1.48,16,0.104,0.247,0.172,10.8,0.542,0.539,0.146,96.47,0.111,109,201,2.5,4.7,0.542,21,60,106,99,44,93,90,99,36,17,20,39,39,43,32,53,74,86,91,44,44,45,50,51,45,5,"201585,1610612758",C
204001,Kristaps Porzingis,1610612752,NYK,22,40,20,20,0.5,33.1,106.8,105.2,1.6,0.063,0.57,4.8,0.045,0.173,0.112,8.5,0.481,0.534,0.319,99.06,0.125,335,772,8.4,19.3,0.434,35,30,73,50,5,34,51,37,73,81,97,98,86,97,16,80,75,5,50,30,4,2,3,1,84,5,"204001,1610612752",C
203124,Kyle O'Quinn,1610612752,NYK,27,46,21,25,0.457,17,105.9,103.8,2.2,0.177,1.53,22.9,0.104,0.285,0.199,15,0.598,0.634,0.177,97.11,0.142,128,214,2.8,4.7,0.598,2,24,93,59,56,44,40,35,10,13,8,38,17,17,80,20,17,53,85,17,37,41,47,52,18,5,"203124,1610612752",C
203512,Lucas Nogueira,1610612761,TOR,25,26,17,9,0.654,10.5,107.6,98.9,8.6,0.059,1,13.2,0.054,0.18,0.116,13.2,0.645,0.679,0.122,97.93,0.104,34,55,1.3,2.1,0.618,66,40,27,17,79,28,11,7,77,43,38,92,80,93,63,8,3,95,74,54,77,82,83,86,10,5,"203512,1610612761",C
1628493,Mangok Mathiang,1610612766,CHA,25,3,2,1,0.667,3.5,76.8,85,-8.2,0,0,0,0.1,0.385,0.261,0,0,0,0.079,108.72,0.043,0,2,0,0.7,0,102,99,3,15,100,106,4,88,100,98,100,46,2,3,1,103,105,106,1,97,103,103,103,105,103,5,"1628493,1610612766",C
201188,Marc Gasol,1610612763,MEM,32,43,15,28,0.349,34.4,102.6,107,-4.4,0.206,1.37,16.3,0.043,0.252,0.146,11.9,0.464,0.528,0.27,95.09,0.14,269,642,6.3,14.9,0.419,21,51,99,83,4,65,72,70,6,22,17,99,33,70,48,85,77,8,101,19,5,5,7,5,90,5,"201188,1610612763",C
101162,Marcin Gortat,1610612764,WAS,33,46,26,20,0.565,27,106.3,104.9,1.3,0.094,1.49,16.1,0.089,0.239,0.164,10.8,0.54,0.56,0.151,99.42,0.108,175,324,3.8,7,0.54,2,11,73,32,20,40,49,38,44,16,18,66,46,53,35,56,64,81,43,48,25,28,35,35,46,5,"101162,1610612764",C
201578,Marreese Speights,1610612753,ORL,30,35,8,27,0.229,13.1,103.2,102.3,0.9,0.095,1.09,8.4,0.036,0.169,0.104,7.7,0.491,0.51,0.265,99.96,0.076,87,234,2.5,6.7,0.372,54,73,97,101,71,60,29,41,43,35,79,100,90,100,13,77,83,9,39,84,51,37,52,37,96,5,"201578,1610612753",C
203486,Mason Plumlee,1610612743,DEN,27,46,23,23,0.5,20.4,106.4,108.5,-2.1,0.139,1.19,19.4,0.108,0.218,0.164,16.3,0.567,0.547,0.173,98.94,0.092,136,240,3,5.2,0.567,2,19,86,50,39,38,80,54,17,30,13,34,57,52,89,36,72,57,53,69,34,35,44,44,30,5,"203486,1610612743",C
1627856,Matt Costello,1610612759,SAS,24,3,2,1,0.667,5.9,146,110.9,35.1,0,0,0,0.1,0.375,0.269,25,0.333,0.333,0.108,92.78,0.019,1,3,0.3,1,0.333,102,99,3,15,95,2,93,2,100,98,100,46,3,2,106,99,102,100,104,101,102,102,99,98,99,5,"1627856,1610612759",C
203086,Meyers Leonard,1610612757,POR,25,15,6,9,0.4,9.8,105.9,109.2,-3.3,0.102,2.25,13.3,0.048,0.24,0.142,5.9,0.676,0.688,0.178,100.88,0.126,31,51,2.1,3.4,0.608,85,86,27,70,82,43,88,63,35,4,36,97,43,75,9,3,2,51,32,28,80,85,61,73,14,5,"203086,1610612757",C
203488,Mike Muscala,1610612737,ATL,26,15,3,12,0.2,17.1,94.1,105.9,-11.8,0.059,1,10.1,0.056,0.171,0.113,10.1,0.548,0.599,0.132,104.08,0.091,30,63,2,4.2,0.476,85,96,38,104,54,94,62,95,76,43,62,90,88,95,25,45,34,92,7,72,81,79,67,58,73,5,"203488,1610612737",C
203101,Miles Plumlee,1610612737,ATL,29,25,9,16,0.36,18.3,104.1,105.3,-1.2,0.071,0.71,14.5,0.095,0.162,0.129,20.4,0.612,0.598,0.126,98.95,0.07,52,85,2.1,3.4,0.612,67,72,53,79,47,53,53,51,64,69,28,57,93,85,102,15,35,94,52,86,66,72,60,73,13,5,"203101,1610612737",C
1626149,Montrezl Harrell,1610612746,LAC,23,38,20,18,0.526,14.8,106.2,103.2,3.1,0.082,0.88,8.8,0.1,0.174,0.139,10.1,0.601,0.612,0.223,100.97,0.133,131,218,3.4,5.7,0.601,43,30,61,41,62,41,37,29,52,56,75,46,85,79,23,19,28,19,28,23,36,40,37,40,17,5,"1626149,1610612746",C
1626167,Myles Turner,1610612754,IND,21,33,17,16,0.515,29.2,109.1,106.1,3,0.08,0.95,10.2,0.048,0.201,0.128,10.8,0.53,0.569,0.216,98.95,0.104,173,353,5.2,10.7,0.49,57,40,53,46,15,16,63,32,54,51,60,95,71,86,33,62,57,24,51,53,27,25,19,12,67,5,"1626167,1610612754",C
2403,Nene,1610612745,HOU,35,28,21,7,0.75,15.1,115.9,99.4,16.5,0.093,1,11.5,0.073,0.188,0.133,11.5,0.603,0.63,0.195,104.07,0.102,85,141,3,5,0.603,63,24,18,7,61,5,13,6,45,43,53,80,76,81,42,18,23,41,8,55,52,56,40,47,16,5,"2403,1610612745",C
203457,Nerlens Noel,1610612742,DAL,23,18,4,14,0.222,12.5,93,116,-23,0.048,0.4,7.3,0.116,0.281,0.186,18.2,0.528,0.587,0.151,96.94,0.097,28,53,1.6,2.9,0.528,81,93,47,102,73,97,103,102,86,93,86,30,22,28,98,63,46,82,89,63,82,83,79,78,55,5,"203457,1610612742",C
203999,Nikola Jokic,1610612743,DEN,22,39,20,19,0.513,31,108,104.9,3.1,0.25,1.86,23,0.097,0.281,0.188,12.4,0.524,0.575,0.233,98.31,0.161,232,487,5.9,12.5,0.476,40,30,65,47,11,23,48,28,2,9,7,52,23,22,55,65,53,17,65,5,16,10,11,10,72,5,"203999,1610612743",C
202696,Nikola Vucevic,1610612753,ORL,27,34,11,23,0.324,29.9,108.4,108.6,-0.2,0.17,1.75,15.9,0.066,0.281,0.173,9.1,0.539,0.557,0.251,103.27,0.141,248,505,7.3,14.9,0.491,56,63,86,90,13,20,82,46,12,11,21,85,21,39,19,57,67,12,10,18,10,9,6,6,66,5,"202696,1610612753",C
201600,Omer Asik,1610612740,NOP,31,11,6,5,0.545,7.7,106.3,112.8,-6.5,0.029,0.5,8.9,0.067,0.291,0.182,17.8,0.385,0.393,0.106,100.95,0.042,5,13,0.5,1.2,0.385,93,86,12,36,89,39,100,83,98,85,74,84,14,32,96,96,99,101,29,98,94,95,96,95,94,5,"201600,1610612740",C
2200,Pau Gasol,1610612759,SAS,37,45,29,16,0.644,25.2,102.7,99.7,3,0.204,2.21,22.7,0.065,0.273,0.172,10.3,0.512,0.553,0.198,96.46,0.151,178,383,4,8.5,0.465,6,6,53,18,27,63,15,30,7,5,9,87,25,44,29,72,71,40,92,11,24,21,33,27,78,5,"2200,1610612759",C
1626158,Richaun Holmes,1610612755,PHI,24,22,8,14,0.364,16.4,104.2,105.3,-1.1,0.111,1.79,14.5,0.079,0.223,0.154,8.1,0.541,0.562,0.174,103.02,0.105,65,123,3,5.6,0.528,74,73,47,78,59,52,52,49,29,10,30,76,55,61,15,55,63,56,14,51,60,59,45,41,54,5,"1626158,1610612755",C
201577,Robin Lopez,1610612741,CHI,29,45,17,28,0.378,28.3,101,105.9,-4.9,0.118,1.19,13.6,0.081,0.103,0.092,11.5,0.535,0.556,0.205,99.87,0.089,258,484,5.7,10.8,0.533,6,40,99,74,17,78,61,72,26,29,33,73,105,105,41,60,69,34,40,73,8,11,16,11,52,5,"201577,1610612741",C
203497,Rudy Gobert,1610612762,UTA,25,19,7,12,0.368,29.9,97,101.8,-4.8,0.066,0.58,9.2,0.102,0.266,0.183,15.9,0.606,0.643,0.169,99.3,0.147,83,137,4.4,7.2,0.606,77,79,38,75,14,88,28,71,69,79,70,43,28,31,85,17,12,59,49,14,54,58,29,34,15,5,"203497,1610612762",C
1626257,Salah Mejri,1610612742,DAL,31,40,14,26,0.35,11.7,109,100.8,8.2,0.065,0.91,14.6,0.111,0.255,0.184,16,0.691,0.679,0.121,95.48,0.105,56,81,1.4,2,0.691,35,55,96,82,77,17,24,11,72,54,26,32,32,30,86,1,4,96,100,52,64,73,81,87,1,5,"1626257,1610612742",C
1627746,Skal Labissiere,1610612758,SAC,21,39,11,28,0.282,17.5,103.2,109,-5.8,0.067,0.77,8.3,0.097,0.184,0.139,10.8,0.466,0.506,0.214,98.26,0.084,119,263,3.1,6.7,0.452,40,63,99,97,51,59,86,80,66,64,80,54,78,78,31,84,85,27,67,78,40,34,39,36,81,5,"1627746,1610612758",C
203500,Steven Adams,1610612760,OKC,24,40,21,19,0.525,32,106.9,103,4,0.046,0.6,7.4,0.17,0.134,0.153,12.3,0.635,0.643,0.162,98.4,0.116,233,367,5.8,9.2,0.635,35,24,65,43,9,32,34,26,90,76,85,4,98,63,53,9,11,69,62,39,15,24,13,26,7,5,"203500,1610612760",C
204028,Tarik Black,1610612745,HOU,26,33,24,9,0.727,10,103.1,105.6,-2.5,0.04,0.3,5.7,0.139,0.208,0.173,19.1,0.58,0.575,0.169,103.16,0.068,51,88,1.5,2.7,0.58,57,16,27,10,81,61,57,55,93,94,94,12,65,41,101,31,52,58,13,88,67,68,80,80,27,5,"204028,1610612745",C
1628418,Thomas Bryant,1610612747,LAL,20,3,1,2,0.333,2.1,112.8,108.3,4.4,0,0,0,0,0.25,0.125,0,0,0.266,0.162,84.46,0,0,1,0,0.3,0,102,102,6,85,105,9,78,23,100,98,100,105,36,89,1,103,104,70,106,103,103,104,103,106,103,5,"1628418,1610612747",C
1627748,Thon Maker,1610612749,MIL,20,44,23,21,0.523,18.2,105.3,111.3,-6,0.055,1,11.4,0.075,0.175,0.122,11.4,0.452,0.49,0.137,96.21,0.048,71,178,1.6,4,0.399,13,19,76,44,48,46,94,81,81,43,54,79,83,91,40,88,89,90,96,94,59,47,76,61,93,5,"1627748,1610612749",C
202389,Timofey Mozgov,1610612751,BKN,31,25,10,15,0.4,12.8,92.3,106.5,-14.2,0.041,0.28,6.3,0.09,0.195,0.141,22.8,0.57,0.606,0.157,105,0.076,43,79,1.7,3.2,0.544,67,67,52,70,72,98,65,98,92,95,91,60,74,76,104,34,31,77,2,83,74,74,74,75,42,5,"202389,1610612751",C
1628396,Tony Bradley,1610612762,UTA,20,8,5,3,0.625,3.5,103.7,99.1,4.6,0.059,0,7.8,0.118,0.292,0.19,0,0.273,0.337,0.183,98.29,0.095,3,11,0.4,1.4,0.273,98,90,7,20,99,55,12,22,78,98,82,28,13,21,1,101,101,50,66,68,99,96,98,93,101,5,"1628396,1610612762",C
202684,Tristan Thompson,1610612739,CLE,26,24,10,14,0.417,18.8,102.6,107.8,-5.2,0.04,0.8,9.3,0.122,0.21,0.165,11.6,0.581,0.589,0.113,100.54,0.086,50,86,2.1,3.6,0.581,71,67,47,65,42,66,76,76,94,62,69,23,63,49,43,30,43,99,33,76,68,71,58,69,26,5,"202684,1610612739",C
203092,Tyler Zeller,1610612751,BKN,28,37,13,24,0.351,17.4,102.4,105.2,-2.8,0.066,0.74,8.7,0.092,0.189,0.14,11.7,0.566,0.587,0.184,99.81,0.101,116,213,3.1,5.8,0.545,48,58,91,81,53,69,50,58,71,68,77,59,75,77,46,39,45,47,41,56,41,42,38,39,41,5,"203092,1610612751",C
2199,Tyson Chandler,1610612756,PHX,35,35,14,21,0.4,25.7,101.5,108.6,-7.1,0.059,0.88,14.6,0.127,0.272,0.199,16.5,0.614,0.635,0.104,100.99,0.11,89,145,2.5,4.1,0.614,54,55,76,70,24,77,81,85,78,55,27,19,26,16,90,13,16,102,26,45,50,54,49,60,11,5,"2199,1610612756",C
1626161,Willie Cauley-Stein,1610612758,SAC,24,42,12,30,0.286,26.8,99.9,109.4,-9.4,0.134,1.42,14.5,0.07,0.231,0.147,10.2,0.514,0.54,0.218,97.22,0.118,213,416,5.1,9.9,0.512,27,60,104,96,21,81,89,91,20,21,29,83,50,69,28,70,73,22,83,36,20,18,21,19,61,5,"1626161,1610612758",C
203186,Willie Reed,1610612746,LAC,27,36,17,19,0.472,10.8,107.4,104.4,3,0.032,0.5,5,0.089,0.241,0.163,10,0.665,0.661,0.166,103.16,0.12,74,112,2.1,3.1,0.661,51,40,65,57,78,29,44,31,96,85,96,67,42,54,22,5,7,63,12,34,58,61,62,76,5,5,"203186,1610612746",C
1626195,Willy Hernangomez,1610612752,NYK,23,19,7,12,0.368,9.3,93.3,100.1,-6.8,0.139,0.67,12.6,0.128,0.22,0.175,19,0.59,0.567,0.234,99.42,0.113,39,67,2.1,3.5,0.582,77,79,38,75,85,96,20,84,18,72,43,18,56,38,100,25,60,16,44,42,75,76,63,70,25,5,"1626195,1610612752",C
1628380,Zach Collins,1610612757,POR,20,29,16,13,0.552,14.8,107.6,106.3,1.3,0.073,1.05,13.1,0.065,0.173,0.12,12.6,0.455,0.458,0.158,96.32,0.047,50,123,1.7,4.2,0.407,62,49,44,34,63,27,64,39,61,37,39,86,87,92,57,87,93,74,94,95,68,59,73,57,92,5,"1628380,1610612757",C
2585,Zaza Pachulia,1610612744,GSW,33,36,28,8,0.778,14.5,118.9,100.3,18.5,0.14,1.53,23.6,0.09,0.266,0.188,15.5,0.587,0.634,0.163,104.53,0.11,81,138,2.3,3.8,0.587,51,9,22,6,64,3,22,4,15,14,6,62,29,24,83,28,18,68,6,46,55,57,56,65,24,5,"2585,1610612744",C
1627753,Zhou Qi,1610612745,HOU,22,14,11,3,0.786,5.4,83.3,111.9,-28.7,0.024,0.2,2.9,0.024,0.151,0.083,14.5,0.208,0.299,0.192,101.75,-0.019,4,24,0.3,1.7,0.167,88,63,7,5,96,104,96,105,99,97,99,103,96,106,74,102,103,44,19,105,95,91,102,91,102,5,"1627753,1610612745",C
