PLAYER_ID,PLAYER_NAME,TEAM_ID,TEAM_ABBREVIATION,GP,W,L,MIN,POINTS,DRIVE_PTS,DRIVE_FG_PCT,CATCH_SHOOT_PTS,CATCH_SHOOT_FG_PCT,PULL_UP_PTS,PULL_UP_FG_PCT,PAINT_TOUCH_PTS,PAINT_TOUCH_FG_PCT,POST_TOUCH_PTS,POST_TOUCH_FG_PCT,ELBOW_TOUCH_PTS,ELBOW_TOUCH_FG_PCT,EFF_FG_PCT
201166,Aaron Brooks,1610612750,MIN,21,12,9,7.2,2.5,1,0.435,0.7,0.5,1,0.417,0,0,0,0,0,0,0.49
203932,Aaron Gordon,1610612753,ORL,36,12,24,33.7,18.6,3.3,0.406,5.7,0.402,3.2,0.329,3.9,0.729,0.9,0.406,1.3,0.6,0.526
1627846,Abdel Nader,1610612738,BOS,20,15,5,7.7,1.9,0.5,0.444,1.2,0.348,0,0,0.2,0.25,0,0,0,0,0.42
203940,Adreian Payne,1610612753,ORL,5,0,5,8.5,4.2,0.4,1,1.6,0.6,0.4,0.5,1,1,0.4,1,0.2,0,0.8
201143,Al Horford,1610612738,BOS,39,27,12,32.6,13.3,1.5,0.565,5,0.42,1.2,0.451,2.9,0.708,2.8,0.49,1.4,0.647,0.583
2744,Al Jefferson,1610612754,IND,19,8,11,13.9,6.7,0.1,0.5,1.3,0.387,0.4,0.571,1.8,0.652,2.9,0.619,1,0.474,0.543
202329,Al-Farouq Aminu,1610612757,POR,32,15,17,30.2,9.8,1.4,0.396,5.5,0.401,0.6,0.222,1.3,0.531,0,0,0.2,0.429,0.525
202692,Alec Burks,1610612762,UTA,41,17,24,18.3,9.1,3.2,0.344,1.4,0.317,2.1,0.327,0.6,0.8,0,0,0.4,0.583,0.466
1628409,Alec Peters,1610612756,PHX,4,0,4,11.4,2.8,0,0,1.5,0.25,0,0,0,0,0,0,0.5,1,0.5
203518,Alex Abrines,1610612760,OKC,39,22,17,15.2,4.6,0.6,0.333,3.1,0.41,0.2,0.2,0.3,0.625,0,0,0.2,0.5,0.542
1627936,Alex Caruso,1610612747,LAL,14,3,11,11,2,0.1,0.25,0.4,0.4,0.4,0.2,0.3,1,0,0,0.3,0.5,0.5
203458,Alex Len,1610612756,PHX,41,17,24,20.8,8.4,0.6,0.667,0.1,0.231,0,0,5.1,0.559,0.5,0.294,1.7,0.541,0.551
1627816,Alex Poythress,1610612754,IND,19,8,11,4.1,0.8,0.1,0.333,0.5,0.375,0,0,0.1,0.2,0,0,0,0,0.469
1628035,Alfonzo McKinnie,1610612761,TOR,9,8,1,3.6,1.2,0.4,1,0.3,0.25,0,0,0,0,0,0,0,0,0.643
203459,Allen Crabbe,1610612751,BKN,40,14,26,28.9,11.8,1.7,0.522,6.8,0.385,1.6,0.261,0.3,0.455,0,0,0.3,0.833,0.5
101161,Amir Johnson,1610612755,PHI,38,21,17,15.5,4.8,0.2,0.375,0.3,0.235,0.1,0.25,3.2,0.582,0.2,0.25,0.6,0.667,0.545
203083,Andre Drummond,1610612765,DET,42,21,21,33.1,14.5,1.3,0.345,0,0.167,0.2,0.25,11.3,0.628,1.2,0.467,1.3,0.463,0.546
2738,Andre Iguodala,1610612744,GSW,39,31,8,25.9,5.7,0.6,0.333,1.1,0.239,0.7,0.286,1.2,0.679,0.2,0.333,0.2,0.4,0.462
203460,Andre Roberson,1610612760,OKC,33,20,13,26.6,4.9,0.2,0.25,0.7,0.229,0,0,2.6,0.656,0,0,0.4,0.875,0.562
101106,Andrew Bogut,1610612747,LAL,24,7,17,9,1.5,0,0,0.2,0.667,0,0,1.5,0.68,0,0,0.3,0.667,0.68
1626150,Andrew Harrison,1610612763,MEM,37,14,23,21.1,7.5,2.7,0.416,1.5,0.333,1.3,0.273,0.1,0.25,0,0,0.2,0.5,0.445
203952,Andrew Wiggins,1610612750,MIN,47,29,18,36.1,17.5,3.9,0.429,3.6,0.355,4.1,0.314,2.7,0.743,1.7,0.532,0.3,0.5,0.477
1627790,Ante Zizic,1610612739,CLE,12,7,5,3.4,1.1,0,0,0,0,0,0,1.1,0.8,0,0,0.2,0.5,0.364
203076,Anthony Davis,1610612740,NOP,38,20,18,36.1,26.7,2.6,0.426,3.5,0.406,3.1,0.382,11.3,0.714,4.1,0.48,2.7,0.494,0.577
201229,Anthony Tolliver,1610612765,DET,41,20,21,20.1,7.1,0.7,0.533,5,0.411,0.1,0.25,0.7,0.5,0.1,1,0,0.5,0.59
1628469,Antonio Blakeney,1610612741,CHI,11,1,10,14.9,7.1,1.5,0.273,1.7,0.368,3.2,0.41,0.2,0.333,0,0,0,0,0.416
1628499,Antonius Cleveland,1610612742,DAL,13,5,8,6.2,0.8,0.2,0,0.2,0.25,0.2,0.2,0.3,0.667,0,0,0,0,0.286
203382,Aron Baynes,1610612738,BOS,43,31,12,18.4,5.8,0.1,0.4,1.7,0.462,0.1,0.3,3,0.504,0.7,0.52,0.9,0.442,0.476
201167,Arron Afflalo,1610612753,ORL,35,10,25,13,3,0.3,0.4,1.3,0.356,0.6,0.333,0.1,0.167,0.3,0.429,0.3,0.5,0.45
203085,Austin Rivers,1610612746,LAC,32,15,17,32.7,15.8,6,0.41,3.2,0.382,5.1,0.365,0.3,0.5,0,0,0.4,1,0.51
202340,Avery Bradley,1610612765,DET,37,17,20,31.8,15.7,2.8,0.41,6.2,0.384,3.1,0.38,1.1,0.529,0.1,1,0.6,0.333,0.483
1628389,Bam Adebayo,1610612748,MIA,35,18,17,19.9,7,0.9,0.667,0.3,0.286,0.1,0.2,4.2,0.694,0.5,0.421,0.5,0.417,0.555
203463,Ben McLemore,1610612763,MEM,25,4,21,17.1,6.8,1,0.5,2.4,0.339,0.9,0.303,1.3,0.583,0,0,0.3,0.4,0.487
1627732,Ben Simmons,1610612755,PHI,39,20,19,35.3,16.6,7.1,0.434,0.2,0.273,1.9,0.317,3.3,0.753,0.5,0.2,0.8,0.789,0.508
202687,Bismack Biyombo,1610612753,ORL,45,13,32,18.3,5.4,0,0.25,0.2,0.313,0,0,3.7,0.519,0.2,0.571,1,0.5,0.523
201933,Blake Griffin,1610612746,LAC,28,15,13,34.2,22.3,5.7,0.492,3.9,0.336,2.7,0.269,2.1,0.553,2.7,0.369,1.3,0.636,0.486
1626246,Boban Marjanovic,1610612765,DET,17,8,9,8.5,5.9,0,0,0.5,0.364,0.2,0.5,4,0.556,2.7,0.444,0.1,0.333,0.515
201628,Bobby Brown,1610612745,HOU,20,17,3,5.7,2.5,0.6,0.417,0.5,0.231,1.6,0.324,0,0,0,0,0,0,0.422
1626171,Bobby Portis,1610612741,CHI,36,15,21,20.5,12.1,1.5,0.5,3.8,0.408,0.9,0.432,3.9,0.598,1.3,0.5,1.1,0.538,0.534
203992,Bogdan Bogdanovic,1610612758,SAC,42,12,30,26.6,11.5,2.7,0.545,3.3,0.398,4,0.507,0.8,0.593,0.1,0.667,0.4,0.389,0.574
202711,Bojan Bogdanovic,1610612754,IND,45,23,22,30.6,13.3,3.3,0.504,5.1,0.382,1.8,0.398,1.3,0.824,0.1,0.3,0.9,0.615,0.554
203078,Bradley Beal,1610612764,WAS,46,26,20,35.9,23.8,6.2,0.487,5.8,0.413,6.8,0.398,1.2,0.61,0.2,0.4,0.4,0.5,0.526
201148,Brandan Wright,1610612763,MEM,24,10,14,13.6,5,0.3,0.5,0.1,0.333,0,0,3.7,0.617,0.3,0.5,0.5,0.417,0.568
1627742,Brandon Ingram,1610612747,LAL,41,15,26,34,15.9,6.4,0.485,2.1,0.395,3,0.366,1.7,0.547,0.3,0.4,0.7,0.524,0.483
203464,Brandon Paul,1610612759,SAS,42,26,16,10.8,2.8,0.7,0.368,1.1,0.372,0,0.063,0.3,0.857,0,0,0.1,0.75,0.505
1627362,Briante Weber,1610612745,HOU,13,7,6,9.1,2,0.3,0.286,0.2,0.333,0.7,0.375,0,0,0,0,0,0,0.5
1627744,Brice Johnson,1610612746,LAC,9,2,7,4.2,1.8,0.4,1,0.2,0.25,0.2,1,0.7,1,0.2,1,0,0,0.636
201572,Brook Lopez,1610612747,LAL,37,15,22,21.4,11.6,1.4,0.636,4.2,0.31,0.9,0.333,3.6,0.629,1.7,0.373,1.4,0.524,0.497
203998,Bruno Caboclo,1610612761,TOR,2,2,0,3.3,0,0,0,0,0,0,0,0,0,0,0,0,0,0
1627854,Bryn Forbes,1610612759,SAS,47,30,17,20.8,7.4,1.5,0.453,3.4,0.377,2.2,0.453,0.1,0.5,0,0,0.1,0.333,0.524
1627741,Buddy Hield,1610612758,SAC,43,13,30,24,12.3,1.7,0.376,5,0.517,3.7,0.346,0.5,0.435,0,1,0.2,0.231,0.528
203710,C.J. Williams,1610612746,LAC,28,14,14,19.4,5.9,1.5,0.556,1.6,0.356,1.6,0.396,0.6,0.727,0,0,0.1,0.5,0.534
203468,CJ McCollum,1610612757,POR,44,23,21,36.4,21.5,5.7,0.42,4.7,0.456,8.8,0.412,0.3,0.429,0,0,0.2,0.333,0.516
101139,CJ Miles,1610612761,TOR,37,25,12,18.7,10.1,1.2,0.425,6,0.378,1.5,0.303,0.2,0.75,0,0,0.1,1,0.529
1628403,Caleb Swanigan,1610612757,POR,15,8,7,8.9,2.6,0,0,0.1,0.167,0,0,1.5,0.444,0.4,0.5,0,0,0.369
1627747,Caris LeVert,1610612751,BKN,42,15,27,26.7,11.9,4.8,0.465,2.6,0.385,2.4,0.304,0.6,0.556,0,0,0,0.333,0.482
2546,Carmelo Anthony,1610612760,OKC,42,24,18,32.6,17.9,1.5,0.524,7.9,0.434,5.5,0.398,1.3,0.641,2.6,0.429,0.7,0.441,0.502
1626224,Cedi Osman,1610612739,CLE,35,20,15,8.4,2.5,0.4,0.556,0.9,0.345,0.1,0.2,0.2,0.667,0,0,0,0,0.551
202718,Chandler Parsons,1610612763,MEM,26,10,16,21,8.8,1.9,0.561,3.3,0.403,2.8,0.492,0.5,0.714,0.1,0.333,0.2,0.4,0.595
101112,Channing Frye,1610612739,CLE,36,23,13,11.5,4.1,0.3,0.714,2.2,0.363,0.4,0.778,0.8,0.778,0.2,0.5,0.3,0.833,0.588
1628429,Charles Cooke,1610612740,NOP,6,3,3,3,1,0.3,0.333,0.5,0.333,0,0,0,0,0,0,0,0,0.313
1627767,Cheick Diallo,1610612740,NOP,22,10,12,6.7,2.8,0.2,0.4,0.2,0.333,0.1,0.2,1.4,0.647,0.2,0.5,0.3,0.667,0.556
1626191,Chris McCullough,1610612764,WAS,13,8,5,5.5,2.9,0.4,0.4,0.4,0.182,0.3,0.5,0.9,0.417,0,0,0.2,0.333,0.446
101108,Chris Paul,1610612745,HOU,26,21,5,32,18.7,5.2,0.509,1.9,0.386,10.1,0.426,0.4,0.5,0.3,0.333,0.2,0.5,0.552
203991,Clint Capela,1610612745,HOU,38,30,8,26.3,14.4,1.1,0.529,0,0,0,0,10,0.7,0.7,0.579,3.3,0.587,0.669
203469,Cody Zeller,1610612766,CHA,19,7,12,19.9,7.2,0.6,0.25,1,0.529,0.1,0.5,4.2,0.545,0,0,0.9,0.4,0.5
202332,Cole Aldrich,1610612750,MIN,10,7,3,2.2,0.7,0,0,0,0,0,0,0.5,0.333,0.2,1,0,0,0.429
201147,Corey Brewer,1610612747,LAL,44,15,29,12.5,3.4,0.8,0.471,0.5,0.206,0,0.125,0.6,0.55,0,0,0,0,0.473
202709,Cory Joseph,1610612754,IND,46,24,22,25.7,8,2.3,0.489,2.5,0.4,2.8,0.456,0.2,0.571,0,1,0.2,0.4,0.503
201584,Courtney Lee,1610612752,NYK,45,20,25,33,13.4,2.9,0.452,4.9,0.476,3.2,0.349,0.8,0.75,0,1,0.4,0.444,0.532
1626245,Cristiano Felicio,1610612741,CHI,25,6,19,13.5,3.8,0.3,0.8,0,0,0,0,2.5,0.643,0.4,0.667,0.5,0.375,0.619
1626156,D'Angelo Russell,1610612751,BKN,13,5,8,26.7,19.4,7.2,0.52,2.1,0.346,6.7,0.398,0.4,0.4,0,0,0.2,0.5,0.495
201571,D.J. Augustin,1610612753,ORL,38,11,27,20.2,8.1,2.4,0.42,2.1,0.4,2.1,0.411,0.1,0.25,0,0,0.2,0.5,0.53
1628391,D.J. Wilson,1610612749,MIL,14,8,6,3.7,0.6,0.3,1,0,0,0,0,0,0,0,0,0.1,1,0.444
1626177,Dakari Johnson,1610612760,OKC,19,12,7,5.9,2.4,0,0,0.3,0.75,0.1,0.5,0.5,0.333,0.5,0.571,0.2,0.4,0.576
1627745,Damian Jones,1610612744,GSW,1,1,0,1.8,0,0,0,0,0,0,0,0,0,0,0,0,0,0
203081,Damian Lillard,1610612757,POR,38,19,19,36.6,25,7.7,0.461,2.8,0.305,8.7,0.389,0.3,0.333,0.1,1,0.4,0.5,0.501
2863,Damien Wilkins,1610612754,IND,19,10,9,8,1.7,0.5,0.455,0.6,0.235,0.3,0.3,0,0,0.1,0.5,0,0,0.385
1628422,Damyean Dotson,1610612752,NYK,20,6,14,8.7,2.7,0.4,0.75,1.2,0.36,1,0.526,0.1,0.333,0,0,0.1,1,0.51
1627772,Daniel Hamilton,1610612760,OKC,2,2,0,4.3,3.5,1,1,0,0,1.5,0.333,1,1,0,0,0,0,0.7
1628464,Daniel Theis,1610612738,BOS,41,30,11,13.4,5,0.1,0.667,1.3,0.373,0.3,0.714,2.6,0.644,0.2,0.444,0.6,0.533,0.551
201568,Danilo Gallinari,1610612746,LAC,11,6,5,31.8,13.4,2.6,0.2,5.5,0.329,2,0.323,1.3,0.438,1,0.167,0.9,0.833,0.403
201980,Danny Green,1610612759,SAS,36,23,13,26.5,8.6,1.3,0.39,4.6,0.396,1.4,0.333,0.6,0.563,0,0,0.4,0.8,0.519
201967,Dante Cunningham,1610612740,NOP,43,23,20,22,4.9,0.1,0.125,2.4,0.333,0,0,1.2,0.579,0,0,0.3,0.5,0.513
1627863,Danuel House,1610612756,PHX,11,3,8,13,4.5,1.1,0.444,1.1,0.267,0.6,0.375,0.6,0.375,0,0,0.5,0.5,0.407
203967,Dario Saric,1610612755,PHI,39,21,18,30.5,13.6,1.4,0.404,6.1,0.359,0.5,0.303,3.6,0.641,0.6,0.5,1,0.441,0.516
203121,Darius Miller,1610612740,NOP,44,23,21,21.6,7.7,0.5,0.526,4.9,0.431,1.8,0.522,0,0,0,0,0,0,0.62
201589,Darrell Arthur,1610612743,DEN,6,2,4,8.1,1.2,0,0,1.2,0.214,0,0,0,0,0,0,0,0,0.219
201954,Darren Collison,1610612754,IND,45,23,22,30,12.6,2.4,0.468,2.7,0.433,4.5,0.469,0.6,0.833,0,0,0.2,0.6,0.569
1626199,Darrun Hilliard,1610612759,SAS,6,5,1,8.3,0.5,0,0,0,0,0,0,0,0,0,0,0,0,0.111
1628021,David Nwaba,1610612741,CHI,33,16,17,23,7.5,2.2,0.41,0.4,0.286,0,0,1.9,0.706,0.3,1,0.3,0.333,0.535
2561,David West,1610612744,GSW,44,35,9,13.3,7,0.5,0.643,2,0.579,0.6,0.571,3,0.652,1,0.444,1.5,0.646,0.613
202722,Davis Bertans,1610612759,SAS,43,26,17,13,5.6,0.5,0.625,3.8,0.44,0.3,0.226,0.5,0.625,0.1,1,0,0.333,0.596
1628432,Davon Reed,1610612756,PHX,1,0,1,4.8,0,0,0,0,0,0,0,0,0,0,0,0,0,0
1628368,De'Aaron Fox,1610612758,SAC,38,11,27,26.8,10.3,3.7,0.406,1.1,0.306,3.1,0.335,0.4,0.636,0,0,0.3,0.5,0.427
201599,DeAndre Jordan,1610612746,LAC,41,20,21,32.1,11.8,0.1,1,0,0,0,0,9.8,0.683,0.6,0.381,0.7,0.458,0.661
202732,DeAndre Liggins,1610612740,NOP,31,16,15,15.3,2,0.2,0.375,1.2,0.317,0.4,0.455,0.2,0.5,0.1,1,0,0,0.434
1627761,DeAndre' Bembry,1610612737,ATL,17,5,12,18.2,5.1,1.9,0.342,1.2,0.412,0.1,0.091,0.8,0.429,0,0,0.3,1,0.415
201942,DeMar DeRozan,1610612761,TOR,44,31,13,34.7,25.1,10.2,0.486,2.9,0.436,8.1,0.418,1.2,0.75,0.6,0.348,0.8,0.577,0.51
202326,DeMarcus Cousins,1610612740,NOP,44,23,21,36.1,25.3,6.1,0.518,6.3,0.353,1.7,0.344,4.7,0.648,3.5,0.466,1,0.471,0.528
201960,DeMarre Carroll,1610612751,BKN,39,16,23,29.1,13.3,3.3,0.436,4.6,0.37,1.8,0.341,1.4,0.532,0.1,1,0.4,0.857,0.505
1627749,Dejounte Murray,1610612759,SAS,47,30,17,17.9,6.3,2.2,0.371,0.3,0.263,1.1,0.313,1.5,0.564,0.1,0.5,0.2,0.5,0.42
1626153,Delon Wright,1610612761,TOR,32,22,10,21.5,8.8,3.5,0.506,1.4,0.341,1.2,0.448,0.7,0.625,0,0,0.1,1,0.556
1627743,Demetrius Jackson,1610612755,PHI,12,9,3,5.2,0.7,0.5,0.5,0,0,0,0,0,0,0,0,0,0,0.286
203471,Dennis Schroder,1610612737,ATL,40,13,27,31.9,20,10.2,0.482,1.8,0.287,7.4,0.443,0.3,0.75,0,0,0.2,0.8,0.472
1628372,Dennis Smith Jr.,1610612742,DAL,37,14,23,28.3,14.5,4.9,0.38,2.4,0.372,4,0.302,1,0.75,0,0,0.3,0.833,0.456
1627756,Denzel Valentine,1610612741,CHI,45,17,28,28.4,9.7,1.7,0.461,3.2,0.379,4,0.4,0.2,0.417,0.1,1,0.2,0.5,0.521
202324,Derrick Favors,1610612762,UTA,42,17,25,28.2,12.3,0.2,0.5,1.9,0.346,0.4,0.438,7.5,0.676,0.7,0.3,3.1,0.531,0.557
1627884,Derrick Jones Jr.,1610612748,MIA,12,5,7,11.9,3.1,0.6,0.25,0.3,0.143,0,0,1.3,0.889,0,0,0.1,0,0.463
201565,Derrick Rose,1610612739,CLE,8,5,3,25.1,13.6,6.3,0.5,0,0,2.4,0.4,1.9,0.6,0,0,0.8,1,0.489
1628476,Derrick Walton Jr.,1610612748,MIA,12,5,7,8.8,1.8,0.2,0,1,0.444,0.4,0.222,0,0,0,0,0,0,0.472
1628401,Derrick White,1610612759,SAS,12,6,6,6.4,1.4,0.6,0.4,0.3,0.25,0,0,0.4,1,0,0,0.1,0,0.5
1626164,Devin Booker,1610612756,PHX,36,14,22,34.4,25.3,5.6,0.453,5.1,0.431,7.9,0.409,0.8,0.565,1,0.429,0.6,0.524,0.515
2734,Devin Harris,1610612742,DAL,39,15,24,18.6,8.6,2.7,0.397,2.6,0.43,0.6,0.164,0.5,0.571,0,0,0.4,0.6,0.488
203473,Dewayne Dedmon,1610612737,ATL,24,7,17,23.8,10.7,0.3,0.6,3.8,0.446,0.3,0.6,4.8,0.653,0.4,0.667,1.5,0.486,0.606
1627738,Deyonta Davis,1610612763,MEM,31,10,21,11.9,4.5,0.1,1,0.3,0.267,0.3,0.667,3.5,0.742,0.1,0.667,0.2,0.2,0.632
1628415,Dillon Brooks,1610612763,MEM,44,16,28,27.3,8.4,2.5,0.556,3,0.43,1.1,0.314,0.8,0.517,0,0.5,0.1,0.25,0.541
203079,Dion Waiters,1610612748,MIA,29,15,14,30.8,14.7,5.6,0.469,4.3,0.347,3.2,0.312,0.3,0.5,0,0,0.3,0.375,0.47
1717,Dirk Nowitzki,1610612742,DAL,45,15,30,25.1,12.2,0,1,7.5,0.46,2.2,0.4,1,0.667,1.8,0.451,0.9,0.645,0.547
1627734,Domantas Sabonis,1610612754,IND,44,24,20,25.2,12.4,1.1,0.529,2.1,0.384,0.2,0.444,5,0.596,1.4,0.52,3.3,0.631,0.542
1628378,Donovan Mitchell,1610612762,UTA,43,17,26,31.6,19.2,7.2,0.482,3.7,0.415,5.1,0.328,1,0.8,0,0,0.4,0.636,0.516
1627827,Dorian Finney-Smith,1610612742,DAL,8,2,6,11.7,3.3,0,0,1.9,0.357,0.3,0.5,0.6,0.5,0,0,0.3,1,0.568
203926,Doug McDermott,1610612752,NYK,45,20,25,22.6,7.8,0.7,0.519,3.3,0.395,0.5,0.268,2.3,0.649,0,0.25,0.2,0.333,0.551
1627733,Dragan Bender,1610612756,PHX,46,17,29,22.3,5.7,0.7,0.367,4.2,0.38,0.1,0.2,0.5,0.5,0.1,0.25,0.1,0.667,0.502
203110,Draymond Green,1610612744,GSW,39,30,9,32.3,11.1,1.2,0.361,3.8,0.323,0.3,0.208,2.3,0.656,0.8,0.5,1,0.667,0.522
1628407,Dwayne Bacon,1610612766,CHA,31,14,17,14.7,3.3,1,0.414,1,0.313,1.2,0.295,0,0,0,0,0,0,0.4
202779,Dwight Buycks,1610612765,DET,12,4,8,14.9,7.6,1.7,0.261,0.9,0.667,2.9,0.395,0.3,1,0,0,0.3,1,0.5
2730,Dwight Howard,1610612766,CHA,43,18,25,30.3,15.5,1,0.395,0.6,0.245,0.1,0.5,8.9,0.639,4.3,0.432,1,0.5,0.538
203939,Dwight Powell,1610612742,DAL,44,15,29,18.6,7.2,0.5,0.529,1.1,0.328,0.1,0.333,4.8,0.741,0,0.5,0.9,0.571,0.618
2548,Dwyane Wade,1610612739,CLE,40,25,15,23.4,11.1,2.9,0.421,0.8,0.279,2.9,0.308,1.7,0.638,1.2,0.447,0.6,0.643,0.468
202734,E'Twaun Moore,1610612740,NOP,44,23,21,32.3,12.9,2.3,0.495,4.8,0.41,1.9,0.536,2,0.746,0.1,0.6,0.9,0.75,0.614
202334,Ed Davis,1610612757,POR,45,24,21,18.2,5,0.3,0.5,0,0,0,0,3.5,0.562,0.2,0.2,0.8,0.536,0.548
202327,Ekpe Udoh,1610612762,UTA,41,18,23,16.4,3.2,0.1,0.667,0.1,0.182,0,0,2.5,0.586,0.1,0.4,0.6,0.368,0.515
203901,Elfrid Payton,1610612753,ORL,36,8,28,29.1,12.9,4.9,0.497,1.7,0.392,1.7,0.414,1,0.682,0,0,0.4,0.5,0.548
1626144,Emmanuel Mudiay,1610612743,DEN,34,18,16,19,9.1,3.4,0.415,1.8,0.382,2.4,0.337,0.4,0.5,0,0,0.2,0.6,0.463
202683,Enes Kanter,1610612752,NYK,42,20,22,25.3,13.6,0.5,0.625,0.9,0.474,0.1,0.375,7,0.64,3.1,0.545,1.9,0.54,0.596
202339,Eric Bledsoe,1610612749,MIL,37,19,18,31.2,17.5,4.9,0.473,3.7,0.364,3.2,0.368,1.3,0.786,0.1,1,0.2,0.4,0.506
201569,Eric Gordon,1610612745,HOU,41,30,11,32.7,20,5.9,0.541,6.7,0.371,3.8,0.312,0.6,0.524,0.1,0.5,0.2,0.4,0.528
203961,Eric Moreland,1610612765,DET,39,20,19,11.8,1.5,0.1,0.167,0,0,0,0,1.2,0.611,0.1,0.5,0.1,0.143,0.5
101141,Ersan Ilyasova,1610612737,ATL,33,12,21,26,11.4,0.5,0.438,5.1,0.434,0.8,0.275,3,0.513,0.4,0.333,1.4,0.487,0.543
203095,Evan Fournier,1610612753,ORL,37,13,24,32.6,17.9,4.9,0.47,6.1,0.444,3,0.384,1.4,0.605,0.1,1,0.7,0.632,0.538
202323,Evan Turner,1610612757,POR,44,24,20,26.7,8.6,2.4,0.478,1.4,0.303,3.7,0.468,0.7,0.667,1.4,0.6,0.1,0.5,0.482
1626163,Frank Kaminsky,1610612766,CHA,40,17,23,23.2,10.9,3,0.48,3.7,0.361,1.6,0.365,1.4,0.688,0.9,0.39,0.9,0.538,0.489
1628412,Frank Mason,1610612758,SAC,29,9,20,18.6,7.6,3.1,0.369,0.6,0.273,2.8,0.407,0.2,0.5,0,0,0.3,0.429,0.43
1628373,Frank Ntilikina,1610612752,NYK,42,19,23,21,5.4,1.1,0.309,1,0.25,2.7,0.373,0.2,0.4,0,0.25,0,0.25,0.4
1627832,Fred VanVleet,1610612761,TOR,42,29,13,18.1,6.9,2.4,0.417,2.2,0.373,1.1,0.327,0.1,0.6,0,0,0.1,1,0.485
1627788,Furkan Korkmaz,1610612755,PHI,6,3,3,5.3,1.5,0,0,0.5,0.125,0,0,0.3,1,0,0,0,0,0.292
202066,Garrett Temple,1610612758,SAC,43,13,30,24.7,7.7,0.9,0.382,3.3,0.368,2.1,0.361,0.3,0.429,0,0,0.3,0.857,0.478
203914,Gary Harris,1610612743,DEN,42,21,21,34.9,17.1,4.9,0.564,5.6,0.399,3.2,0.38,0.8,0.682,0,0,0.6,0.917,0.579
1627780,Gary Payton II,1610612747,LAL,14,6,8,8.9,2.6,0.4,0.375,0.4,0.167,0.1,0.25,1.3,0.643,0,0,0,0,0.425
201588,George Hill,1610612758,SAC,37,11,26,27.3,10.5,2.1,0.4,3.2,0.465,2.6,0.383,0.7,0.684,0.1,0,0.2,0.429,0.549
1627834,Georgios Papagiannis,1610612758,SAC,12,1,11,7.5,2.2,0,0,0.5,0.429,0.2,1,1.3,0.5,0.5,0.3,0.7,0.667,0.433
101123,Gerald Green,1610612745,HOU,10,5,5,26.7,15.6,2,0.533,7.7,0.4,4.3,0.486,0.2,0.2,0,0,0,0,0.58
1628492,Gian Clavell,1610612742,DAL,7,0,7,9.1,2.9,0.3,0,2.6,0.5,0,0,0,0,0,0,0,0,0.5
203507,Giannis Antetokounmpo,1610612749,MIL,41,22,19,37.3,28.2,7.5,0.536,1,0.288,4.4,0.369,6,0.77,1.9,0.5,2.5,0.571,0.559
201609,Goran Dragic,1610612748,MIA,41,23,18,32.2,17.2,6.5,0.458,3.5,0.376,4.2,0.382,1.2,0.559,0.1,1,0.5,0.533,0.487
202330,Gordon Hayward,1610612738,BOS,1,0,1,5.3,2,0,0,2,0.5,0,0,0,0,0,0,2,1,0.5
203476,Gorgui Dieng,1610612750,MIN,44,27,17,18.2,6.5,0.5,0.833,2.6,0.452,0.5,0.455,2.5,0.556,0.3,0.375,1.2,0.593,0.516
202328,Greg Monroe,1610612756,PHX,19,6,13,21.2,9.8,0.7,0.385,0.5,0.417,0,0,5.4,0.621,2.2,0.5,1.3,0.556,0.579
1627824,Guerschon Yabusele,1610612738,BOS,17,13,4,4.9,1.8,0.2,0.333,1.4,0.444,0.1,0.5,0.1,0.5,0,0,0,0,0.558
203084,Harrison Barnes,1610612742,DAL,45,15,30,34.9,18.7,5.5,0.519,4.2,0.376,4,0.39,1.7,0.673,2,0.417,1.1,0.8,0.5
202355,Hassan Whiteside,1610612748,MIA,27,17,10,26,14.6,0.8,0.529,1.9,0.49,0.5,0.35,8.8,0.628,2.2,0.403,1.9,0.415,0.566
1627740,Henry Ellenson,1610612765,DET,18,9,9,6.7,3,0.4,0.231,1.6,0.357,0.2,0.286,0.3,0.5,0.1,0.2,0,0,0.465
203546,Ian Clark,1610612740,NOP,38,20,18,16.2,5.3,1.2,0.488,1.9,0.329,1.5,0.41,0.3,0.455,0,0,0.2,0.8,0.484
101133,Ian Mahinmi,1610612764,WAS,44,25,19,14.5,3.8,0.1,0.5,0,0.167,0,0,2.8,0.618,0,0,0.5,0.333,0.536
1628387,Ike Anigbogu,1610612754,IND,10,5,5,2.8,1.3,0,0,0.6,0.6,0,0,0.7,0.25,0.2,0.5,0.2,1,0.444
202697,Iman Shumpert,1610612739,CLE,13,9,4,20.8,4.8,0.6,0.25,0.7,0.167,2.2,0.429,0.8,1,0,0,0.3,1,0.447
203477,Isaiah Canaan,1610612756,PHX,14,8,6,21.8,9.9,3.6,0.463,2.1,0.476,2.2,0.344,0,0,0,0,0,0,0.526
1627819,Isaiah Taylor,1610612737,ATL,34,9,25,14.8,4.6,2.4,0.368,0.7,0.31,0.4,0.217,0.1,0.667,0,0,0.3,1,0.425
202738,Isaiah Thomas,1610612739,CLE,6,3,3,24.3,14.8,5.7,0.462,2.5,0.238,6.2,0.41,0.3,0.5,0,0,0.3,1,0.425
1627785,Isaiah Whitehead,1610612751,BKN,9,2,7,13.9,7,3.4,0.464,0.7,0.333,1.1,0.5,0.2,1,0,0,0,0,0.5
202397,Ish Smith,1610612765,DET,44,22,22,22.6,9.9,4.2,0.443,0.3,0.3,3.6,0.405,0.5,0.647,0,0,0.2,0.667,0.47
1628397,Ivan Rabb,1610612763,MEM,6,3,3,4.3,3,0,0,0.3,1,0.3,0.5,2.3,0.778,0.7,0.5,0.7,1,0.818
1627826,Ivica Zubac,1610612747,LAL,12,4,8,3.9,1,0,0,0,0,0,0,0.7,0.667,0.2,0.25,0.2,0.5,0.429
200826,J.J. Barea,1610612742,DAL,44,15,29,23,11.8,4.2,0.449,3,0.517,3.3,0.295,0.1,0.6,0,0,0.3,1,0.519
200755,JJ Redick,1610612755,PHI,35,18,17,32.7,17.2,0.9,0.381,6.5,0.425,6.5,0.46,0.5,0.667,0.1,0,0.3,0.25,0.546
2747,JR Smith,1610612739,CLE,43,26,17,29.8,7.6,1.1,0.438,4.3,0.373,1.5,0.314,0.3,0.545,0,0.5,0.1,0.75,0.494
203960,JaKarr Sampson,1610612758,SAC,6,1,5,17,5,1,0.5,1.3,0.5,0,0,1.7,0.625,0.3,1,0,0,0.636
203210,JaMychal Green,1610612763,MEM,29,8,21,26.9,10.2,0.9,0.692,3.5,0.369,0.2,0.214,3.7,0.524,0.5,0.222,1,0.481,0.514
201580,JaVale McGee,1610612744,GSW,33,26,7,8.1,3.8,0.2,0.75,0.3,0.357,0.2,0.5,2,0.7,0.2,0.429,0.9,0.75,0.614
1628444,Jabari Bird,1610612738,BOS,4,3,1,5.6,1.3,0,0,0,0,0,0,0,0,0,0,0,0,0.25
204022,Jack Cooley,1610612758,SAC,1,0,1,1.6,2,0,0,0,0,0,0,0,0,0,0,0,0,0
1626643,Jacob Pullen,1610612755,PHI,3,2,1,2,0.7,0.7,1,0,0,0.7,1,0,0,0,0,0,0,0.5
1628451,Jacob Wiley,1610612751,BKN,4,1,3,8.1,1,0,0,0.8,0.5,0,0,0.3,0,0,0,0.3,0,0.375
203109,Jae Crowder,1610612739,CLE,44,27,17,25.4,8.4,0.9,0.65,3.8,0.337,0.2,0.121,2,0.698,0.1,0.222,0.3,0.4,0.483
1626143,Jahlil Okafor,1610612751,BKN,12,4,8,12.1,5.3,1.1,0.75,0.2,0.5,0.7,0.4,1.9,0.667,1.4,0.333,1.2,0.545,0.474
1627774,Jake Layman,1610612757,POR,19,10,9,6.2,1.3,0.1,0,0.3,0.125,0.2,0.333,0.2,0.667,0,0,0,0,0.338
1627751,Jakob Poeltl,1610612761,TOR,44,31,13,17.5,6.8,0.2,0.667,0.1,0.2,0,1,4.9,0.717,0.1,0.6,1.4,0.694,0.653
1627883,Jalen Jones,1610612742,DAL,4,1,3,4.8,1.3,0.5,0,0.8,1,0,0,0,0,0,0,0,0,0.375
2037,Jamal Crawford,1610612750,MIN,47,29,18,18.7,9.5,1.6,0.556,2.3,0.382,4.6,0.401,0,0.5,0,0,0.3,0.556,0.479
1627750,Jamal Murray,1610612743,DEN,45,23,22,29.7,15.8,4.6,0.451,4.1,0.409,4.2,0.364,1.2,0.657,0,0,0.5,0.588,0.514
2749,Jameer Nelson,1610612740,NOP,38,20,18,21.7,4.9,1.3,0.478,1.8,0.359,1.6,0.356,0,0,0,0,0,0,0.486
1628503,Jamel Artis,1610612753,ORL,5,0,5,11.1,1.8,0.8,0,0,0,0.4,0.2,0.8,1,0,0,0,0,0.235
203516,James Ennis III,1610612763,MEM,41,14,27,23.6,7,0.8,0.3,1.9,0.356,0.7,0.419,1.9,0.733,0,0,0.8,0.813,0.568
201935,James Harden,1610612745,HOU,36,27,9,36,31.7,11.3,0.504,2.8,0.357,11.2,0.39,0.6,0.588,0.6,0.364,0.1,0.25,0.542
201949,James Johnson,1610612748,MIA,36,19,17,26.5,10,3.6,0.531,2.5,0.349,0.9,0.292,1,0.696,0.8,0.632,0.5,0.462,0.528
203949,James Michael McAdoo,1610612755,PHI,3,1,2,6,2.7,0,0,2,0.286,0,0,0.7,0,0,0,0,0,0.429
203966,Jamil Wilson,1610612746,LAC,15,6,9,18.3,7,0.3,0.333,5.5,0.438,0.5,0.571,0.4,1,0,0,0.3,1,0.636
201162,Jared Dudley,1610612756,PHX,20,4,16,12.5,2.9,0.3,0.25,1.9,0.382,0,0,0.4,0.5,0,0,0,0,0.49
1626185,Jarell Martin,1610612763,MEM,42,16,26,18.1,5.7,1,0.531,1.5,0.338,0.3,0.316,1.7,0.533,0.1,0.3,0.5,0.421,0.474
1628386,Jarrett Allen,1610612751,BKN,35,13,22,16.9,6.3,0.1,0.2,0.4,0.286,0,0,4.5,0.558,0.2,0.8,0.5,0.286,0.533
101127,Jarrett Jack,1610612752,NYK,43,20,23,26.7,7.8,3.3,0.484,0.8,0.361,3.5,0.401,0.1,1,0,1,0.1,1,0.463
201160,Jason Smith,1610612764,WAS,18,8,10,9.7,3.2,0.6,0.375,1.4,0.261,0,0,0.7,0.5,0,0,0.2,0,0.331
1891,Jason Terry,1610612749,MIL,15,7,8,9.6,1.3,0.5,1,0.5,0.231,0.4,0.3,0,0,0,0,0,0,0.36
1628393,Jawun Evans,1610612746,LAC,37,19,18,18.4,5.7,2.5,0.386,0.7,0.233,1.8,0.373,0.1,0.5,0,0,0.2,0.571,0.38
1627759,Jaylen Brown,1610612738,BOS,38,27,11,31.2,13.8,2.2,0.464,5,0.371,1.1,0.404,2,0.492,1,0.571,0.3,0.571,0.531
1628369,Jayson Tatum,1610612738,BOS,43,31,12,31.3,13.8,3.4,0.455,4,0.504,2.1,0.402,1.5,0.658,0.5,0.333,0.3,0.375,0.57
201145,Jeff Green,1610612739,CLE,44,27,17,22.7,11,2.5,0.492,1.9,0.349,0.6,0.241,2.5,0.603,0.9,0.432,0.6,0.667,0.52
201952,Jeff Teague,1610612750,MIN,36,23,13,33.7,13.2,6,0.479,1.5,0.358,4.6,0.386,0.1,0.667,0.1,0,0,0,0.499
203481,Jeff Withey,1610612742,DAL,10,2,8,3.9,1.5,0,0,0.6,0.2,0,0,0.2,1,0,0,0.5,0.667,0.438
203924,Jerami Grant,1610612760,OKC,43,25,18,20.6,7.2,1.2,0.475,1.1,0.27,0.3,0.429,2.5,0.606,0.3,0.5,1.1,0.545,0.53
203087,Jeremy Lamb,1610612766,CHA,42,18,24,25.8,14.1,4.8,0.464,3.2,0.412,3.5,0.383,0.9,0.63,0,0.5,0.5,0.615,0.505
202391,Jeremy Lin,1610612751,BKN,1,0,1,25.2,18,4,0.333,0,0,5,0.4,2,1,0,0,2,1,0.458
1626170,Jerian Grant,1610612741,CHI,45,17,28,21.2,7.6,2.5,0.42,1.2,0.316,3.2,0.418,0.1,0,0,0,0,0,0.464
201573,Jerryd Bayless,1610612755,PHI,34,18,16,25.1,8.5,1.1,0.457,4.1,0.346,0.9,0.342,1.1,0.81,0,0,0.2,0.75,0.52
202710,Jimmy Butler,1610612750,MIN,45,29,16,36.9,21.7,6.9,0.512,2.7,0.333,5.7,0.424,3.1,0.735,1.2,0.382,0.8,0.682,0.514
201149,Joakim Noah,1610612752,NYK,6,1,5,5.9,1.7,0.3,0.5,0,0,0,0,1,0.4,0,0,0,0,0.444
201975,Jodie Meeks,1610612764,WAS,44,25,19,15.7,6.1,0.8,0.333,2.3,0.353,1.1,0.256,0.3,0.667,0,0,0.2,0.571,0.444
203925,Joe Harris,1610612751,BKN,43,16,27,24.8,10.3,2.1,0.638,4.9,0.386,1.3,0.426,1,0.625,0,0,0.5,0.75,0.604
204060,Joe Ingles,1610612762,UTA,45,18,27,30.5,9.4,1.6,0.439,4.9,0.4,2,0.452,0.3,0.667,0,0,0.1,0.333,0.584
2207,Joe Johnson,1610612762,UTA,24,9,15,22.2,7.5,1.7,0.5,2,0.258,2.3,0.491,0.4,0.714,0.9,0.625,0.5,0.714,0.46
1626202,Joe Young,1610612754,IND,29,13,16,9.1,4.1,1.7,0.526,0.8,0.333,1.1,0.536,0.1,0.5,0,0,0,0,0.537
1627762,Joel Bolomboy,1610612749,MIL,6,3,3,6.3,1.5,0,0,0,0,0.3,1,0.8,0.5,0,0,0,0,0.5
203954,Joel Embiid,1610612755,PHI,31,19,12,31.5,24.2,1.7,0.476,4.3,0.391,3.2,0.384,6.7,0.65,10.9,0.509,1.1,0.542,0.517
203530,Joffrey Lauvergne,1610612759,SAS,28,17,11,10.3,3.8,0.1,0.2,0.3,0.308,0.1,0.333,2.5,0.554,0.3,0.273,1,0.571,0.458
1628381,John Collins,1610612737,ATL,37,11,26,22,10.7,0.4,0.462,0.5,0.281,0.3,0.417,6.6,0.643,0.3,0.556,2.1,0.542,0.588
203089,John Henson,1610612749,MIL,42,22,20,25,8.7,0.1,0.4,0.6,0.375,0.1,0.333,6.3,0.629,0.3,0.5,1,0.474,0.59
204066,John Holland,1610612739,CLE,4,4,0,4.2,0.8,0,0,0.8,0.5,0,0,0,0,0,0,0,0,0.375
202322,John Wall,1610612764,WAS,35,21,14,34.2,19.5,7.8,0.478,2.5,0.423,5,0.293,0.3,0.714,0.1,0.5,0.2,0.75,0.463
1628405,Johnathan Motley,1610612742,DAL,1,0,1,2,4,0,0,0,0,0,0,0,0,2,1,0,0,1
203948,Johnny O'Bryant III,1610612766,CHA,28,12,16,10.7,5.1,0.4,0.5,1.6,0.333,1,0.378,1.5,0.533,0.6,0.241,0.4,0.286,0.439
202720,Jon Leuer,1610612765,DET,8,5,3,17.1,5.4,0.8,0.25,0.5,0.154,0,0,2.3,0.7,0.3,0.25,0.3,0.2,0.417
201973,Jonas Jerebko,1610612762,UTA,37,15,22,16.9,6.3,0.8,0.379,2.9,0.419,0.2,0.231,1.3,0.656,0,0,0.6,0.9,0.572
202685,Jonas Valanciunas,1610612761,TOR,40,29,11,21.2,11.4,0.7,0.471,1.2,0.4,0.4,0.533,5.8,0.614,2.3,0.563,2.2,0.493,0.566
1628371,Jonathan Isaac,1610612753,ORL,15,8,7,19,5.3,0.9,0.545,1.3,0.318,0.7,0.227,1.3,0.474,0.3,0.4,0.2,0.2,0.439
203613,Jonathon Simmons,1610612753,ORL,44,13,31,28.8,13.9,5.4,0.434,2.5,0.342,2.4,0.37,0.9,0.5,0.2,0.167,0.6,0.684,0.495
1628395,Jordan Bell,1610612744,GSW,38,32,6,14.4,5.1,0.3,0.5,0.3,0.6,0.1,0.25,3.1,0.696,0.3,0.571,0.8,0.8,0.664
203903,Jordan Clarkson,1610612747,LAL,45,16,29,22.9,14,4.7,0.509,2.8,0.358,3.5,0.357,1.4,0.583,0.1,1,0.4,0.625,0.502
202348,Jordan Crawford,1610612740,NOP,2,0,2,18.7,9,1,0.2,4.5,0.75,2.5,0.333,0,0,0,0,0,0,0.643
1626175,Jordan Mickey,1610612748,MIA,16,10,6,14.4,4.8,0.8,0.625,0.3,0.133,0.1,0.5,1.8,0.591,0.4,0.5,1.3,0.727,0.485
101181,Jose Calderon,1610612739,CLE,33,18,15,17.4,4.2,0.8,0.8,2,0.5,0.8,0.306,0.2,1,0,0,0.1,1,0.614
1628404,Josh Hart,1610612747,LAL,40,15,25,19.3,5.8,1,0.5,2.6,0.372,0.3,0.167,0.4,0.636,0,0,0.2,1,0.534
203962,Josh Huestis,1610612760,OKC,38,24,14,14.8,2.6,0.1,0.25,1.7,0.297,0,0,0.7,0.765,0,0,0.1,0.333,0.466
1628367,Josh Jackson,1610612756,PHX,44,16,28,21.9,9.8,2.7,0.344,1.9,0.277,1.2,0.298,1.6,0.674,0.1,0.4,0.3,0.6,0.431
203705,Josh Magette,1610612737,ATL,8,2,6,8,1.6,1,0.333,0,0,1.1,0.5,0,0,0,0,0,0,0.375
201177,Josh McRoberts,1610612742,DAL,1,1,0,2.6,0,0,0,0,0,0,0,0,0,0,0,0,0,0
1626196,Josh Richardson,1610612748,MIA,44,25,19,34,12.9,2.5,0.47,5.5,0.385,2.4,0.448,0.7,0.7,0,0.333,0.2,0.5,0.534
2746,Josh Smith,1610612740,NOP,3,2,1,3.9,0.7,0,0,0,0,0,0,1.3,0.333,0,0,0,0,0.25
201950,Jrue Holiday,1610612740,NOP,44,23,21,36.9,18.6,6.1,0.564,2.9,0.377,5,0.416,2.6,0.712,0.5,0.667,0.6,0.588,0.555
1627823,Juan Hernangomez,1610612743,DEN,18,10,8,11.8,3.2,0.1,0,1.5,0.281,0.3,0.5,0.6,0.5,0,0,0.2,1,0.48
203944,Julius Randle,1610612747,LAL,45,16,29,23,13.3,2.2,0.468,0.8,0.3,0.4,0.258,5.3,0.667,1.6,0.509,1.5,0.625,0.558
202933,Julyan Stone,1610612766,CHA,7,5,2,4.7,0.9,0,0,0.9,0.667,0,0,0,0,0,0,0,0,0.75
1626147,Justin Anderson,1610612755,PHI,12,7,5,12.6,4.6,0.2,0.143,2.3,0.346,0.3,0.1,1.3,0.538,0,0,0.3,0.667,0.429
203200,Justin Holiday,1610612741,CHI,44,17,27,34.2,13.7,1,0.27,6.4,0.39,3.3,0.353,0.8,0.483,0,0,0.4,0.5,0.488
1628382,Justin Jackson,1610612758,SAC,31,7,24,17.1,4.9,0.8,0.5,2.2,0.299,1.1,0.41,0.7,0.5,0,0,0.2,0.375,0.456
1626159,Justise Winslow,1610612748,MIA,30,14,16,22.4,6,1.3,0.391,1.7,0.315,0.1,0.105,1.1,0.485,0.2,0.273,0.3,0.571,0.453
203994,Jusuf Nurkic,1610612757,POR,42,23,19,27.1,14.5,0.6,0.412,1.9,0.333,0.3,0.316,4.9,0.573,2.4,0.376,2.2,0.494,0.467
1628443,Kadeem Allen,1610612738,BOS,3,1,2,2.7,1,1,0,0,0,0,0,0,0,0,0,0,0,0
1626157,Karl-Anthony Towns,1610612750,MIN,47,29,18,35.8,20.1,1.6,0.545,5.9,0.437,1.1,0.472,6.4,0.694,3.8,0.497,2.3,0.667,0.592
202695,Kawhi Leonard,1610612759,SAS,9,5,4,23.3,16.2,6,0.568,1.9,0.286,6,0.444,1,0.571,0.9,0.3,0.9,0.75,0.518
1627770,Kay Felder,1610612765,DET,14,4,10,9.6,3.9,1.6,0.35,0.6,0.5,1.5,0.244,0,0,0,0,0,0,0.333
203482,Kelly Olynyk,1610612748,MIA,44,25,19,23.6,10.7,2,0.569,4,0.422,0.9,0.4,2.2,0.736,0.7,0.579,0.6,0.526,0.599
1626162,Kelly Oubre Jr.,1610612764,WAS,46,26,20,27.3,12.2,2.5,0.387,4.2,0.371,1.7,0.421,1.4,0.581,0,0,0.5,0.583,0.54
202689,Kemba Walker,1610612766,CHA,41,18,23,34.5,21.7,7.3,0.541,3.1,0.417,8.2,0.367,0.2,0.364,0,0,0.1,1,0.496
202702,Kenneth Faried,1610612743,DEN,30,15,15,14.9,6.1,0.4,0.571,0.3,0.455,0.1,0.4,4.4,0.565,0.5,0.4,0.9,0.667,0.525
203145,Kent Bazemore,1610612737,ATL,43,13,30,28.4,12.5,3.6,0.411,3.9,0.429,2.7,0.333,0.5,0.667,0,0,0.2,0.429,0.489
203484,Kentavious Caldwell-Pope,1610612747,LAL,38,13,25,33.4,13.7,1.2,0.381,5.4,0.397,2.9,0.308,0.9,0.593,0,0,0.2,0.375,0.507
201142,Kevin Durant,1610612744,GSW,38,30,8,34.7,26.2,5.1,0.569,7.5,0.502,7,0.409,2.4,0.745,2.7,0.539,1.3,0.632,0.579
201567,Kevin Love,1610612739,CLE,43,26,17,29,19,1,0.379,6.8,0.379,1.4,0.41,5.2,0.541,3,0.49,0.7,0.522,0.547
1626172,Kevon Looney,1610612744,GSW,36,29,7,10.9,3,0.4,0.667,0.1,0.333,0.1,0.5,1.7,0.55,0.1,0.5,0.5,0.538,0.6
203920,Khem Birch,1610612753,ORL,9,3,6,6.2,2.7,0,0,0.2,0.5,0,0,2,0.636,0,0,0.7,0.75,0.588
203114,Khris Middleton,1610612749,MIL,43,23,20,37.2,20.1,4.5,0.57,5.2,0.388,7,0.461,0.4,0.333,1,0.528,0.6,0.524,0.518
202691,Klay Thompson,1610612744,GSW,45,37,8,34.2,20.9,1.3,0.397,11.6,0.485,4.7,0.441,1.8,0.535,0.9,0.528,1.2,0.511,0.591
1628424,Kobi Simmons,1610612763,MEM,11,3,8,14.7,3.6,0.7,0.375,0.5,0.182,0.8,0.333,0.7,0.75,0,0,0,0,0.449
201585,Kosta Koufos,1610612758,SAC,43,12,31,18.5,5.6,0.4,0.444,0.4,0.692,0.1,0.375,3.8,0.61,0.5,0.455,1.1,0.535,0.542
1627739,Kris Dunn,1610612741,CHI,40,15,25,29.6,13.7,6,0.432,1.8,0.391,4.8,0.387,0.7,0.722,0.5,0.5,0.3,0.8,0.463
204001,Kristaps Porzingis,1610612752,NYK,40,20,20,33.1,23.5,1.8,0.382,9.8,0.436,2.8,0.316,4,0.536,5.4,0.419,3.8,0.537,0.481
203937,Kyle Anderson,1610612759,SAS,39,24,15,27.3,8.1,3,0.543,0.9,0.375,1,0.422,1.9,0.58,0.2,0.333,0.4,0.6,0.526
1627858,Kyle Collinsworth,1610612742,DAL,5,2,3,6.6,1.4,0.6,1,0.6,1,0,0,0,0,0,0,0,0,0.833
2594,Kyle Korver,1610612739,CLE,44,27,17,22.1,9.5,0.2,0.444,6.8,0.461,1.2,0.382,0.5,0.6,0,0,0.1,0.286,0.627
1628398,Kyle Kuzma,1610612747,LAL,44,16,28,31.2,16.5,3,0.436,5.5,0.371,1.8,0.363,2.9,0.632,0.8,0.5,0.9,0.483,0.528
200768,Kyle Lowry,1610612761,TOR,41,30,11,33,16.4,3.3,0.438,4.9,0.399,5,0.379,0.8,0.611,0,0,0.1,0.6,0.539
203124,Kyle O'Quinn,1610612752,NYK,45,20,25,16.9,6.8,0.3,0.375,1,0.478,0.4,0.5,3.6,0.728,0.6,0.455,1.2,0.55,0.599
202713,Kyle Singler,1610612760,OKC,7,3,4,3.1,1.3,0.4,0.333,0.3,0.5,0.3,1,0.3,1,0,0,0.3,1,0.429
202681,Kyrie Irving,1610612738,BOS,40,30,10,32.7,24.1,8.3,0.531,4.3,0.389,7.6,0.415,1.2,0.741,0.4,0.4,0.8,0.867,0.536
200746,LaMarcus Aldridge,1610612759,SAS,45,29,16,33.9,22.6,0.7,0.429,4.2,0.399,3.8,0.372,9,0.648,7.5,0.425,1.9,0.559,0.504
202362,Lance Stephenson,1610612754,IND,46,24,22,23.1,8.6,2.3,0.457,1.4,0.293,3.2,0.401,0.7,0.625,0,0.333,0.1,0.667,0.468
202498,Lance Thomas,1610612752,NYK,42,18,24,18.7,4.1,0.6,0.381,1.7,0.377,0.4,0.348,0.8,0.367,0,0.333,0.2,0.333,0.464
204038,Langston Galloway,1610612765,DET,36,19,17,14.8,6.5,0.7,0.6,3.7,0.341,1.5,0.414,0.2,0.667,0,0,0.1,0.333,0.512
1626204,Larry Nance Jr.,1610612747,LAL,34,11,23,22,8.8,0,0,0.8,0.318,0.1,0.25,5.5,0.685,0.4,0.308,1.7,0.686,0.599
1628374,Lauri Markkanen,1610612741,CHI,42,14,28,30.1,15.4,2.2,0.429,7.4,0.375,1.6,0.388,2,0.593,1,0.476,0.3,0.4,0.523
2544,LeBron James,1610612739,CLE,44,27,17,36.8,27,8.2,0.597,1.9,0.357,6.6,0.394,4.3,0.78,1.3,0.456,1,0.783,0.602
1628506,London Perrantes,1610612739,CLE,1,1,0,2.6,0,0,0,0,0,0,0,0,0,0,0,0,0,0
1628366,Lonzo Ball,1610612747,LAL,36,15,21,33.9,10.2,1.9,0.347,3.2,0.307,2.5,0.302,1.3,0.629,0.1,0.167,0.4,0.714,0.43
203485,Lorenzo Brown,1610612761,TOR,11,7,4,7.6,1.1,0.5,0.429,0,0,0.5,0.375,0,0,0,0,0.2,1,0.333
101150,Lou Williams,1610612746,LAC,43,23,20,31.9,23.2,6.6,0.447,4.2,0.403,7.9,0.425,0.6,0.478,0,0,0.4,0.8,0.54
201601,Luc Mbah a Moute,1610612745,HOU,26,21,5,25.6,7,1.3,0.394,3,0.366,0.3,0.429,0.7,1,0.3,1,0.4,1,0.558
203512,Lucas Nogueira,1610612761,TOR,26,17,9,10.5,3.2,0,0,0.3,0.273,0,0,2.5,0.757,0,0,0.2,0.25,0.645
1626242,Luis Montero,1610612765,DET,2,1,1,4,0,0,0,0,0,0,0,0,0,0,0,0,0,0
202337,Luke Babbitt,1610612737,ATL,29,6,23,17,6.4,0.7,0.444,3.7,0.43,1.5,0.613,0.4,0.625,0.1,0.5,0.3,0.8,0.618
1628379,Luke Kennard,1610612765,DET,38,18,20,17.8,6.7,1.4,0.377,3,0.471,1.7,0.403,0.2,0.5,0,0,0.1,0.286,0.535
2736,Luol Deng,1610612747,LAL,1,0,1,13.1,2,0,0,0,0,0,0,0,0,0,0,0,0,0.5
1627781,Malachi Richardson,1610612758,SAC,23,5,18,12.6,3.5,0.9,0.19,0.9,0.292,1.2,0.367,0.2,0.333,0,0,0.1,1,0.4
1627763,Malcolm Brogdon,1610612749,MIL,42,22,20,31,13.2,5,0.512,2.7,0.336,3,0.455,1.4,0.614,0.1,0.5,0.3,0.462,0.537
1627098,Malcolm Delaney,1610612737,ATL,35,9,26,19,6.3,1.5,0.432,2.3,0.431,1.6,0.342,0.1,0,0,0,0.1,0.4,0.476
1626259,Malcolm Miller,1610612761,TOR,3,3,0,4.5,2,0,0,2,0.5,0,0,0,0,0,0,0,0,0.6
1627736,Malik Beasley,1610612743,DEN,41,21,20,10.8,3.4,0.6,0.333,1.2,0.288,0.5,0.36,0.5,0.727,0,0,0.2,0.429,0.459
1628370,Malik Monk,1610612766,CHA,34,12,22,13.4,5.5,0.7,0.478,2,0.377,2.2,0.266,0.2,0.5,0,0,0.1,0.333,0.442
1628493,Mangok Mathiang,1610612766,CHA,3,2,1,3.5,0,0,0,0,0,0,0,0,0,0,0,0,0,0
1938,Manu Ginobili,1610612759,SAS,37,25,12,20.5,9.1,3.4,0.531,1.7,0.288,1.9,0.351,0.5,0.615,0,0,0.1,0.143,0.521
201188,Marc Gasol,1610612763,MEM,43,15,28,34.4,18.1,1.7,0.46,6.7,0.382,1.6,0.337,4.3,0.535,4.6,0.397,2.6,0.494,0.464
101162,Marcin Gortat,1610612764,WAS,46,26,20,27,9,0.2,0.182,1,0.415,0.4,0.563,5.9,0.622,1.3,0.491,1.8,0.5,0.54
201158,Marco Belinelli,1610612737,ATL,42,13,29,23.2,11.8,1.3,0.375,4.5,0.39,3.6,0.424,1.1,0.7,0,0,0.4,0.5,0.527
1627875,Marcus Georges-Hunt,1610612750,MIN,26,17,9,3.9,1,0.4,0.714,0.1,0.167,0.2,0.5,0.1,0.5,0,0,0.1,1,0.571
202694,Marcus Morris,1610612738,BOS,22,16,6,23.5,11.1,2,0.424,3.8,0.37,3.1,0.39,1.5,0.5,1.2,0.393,1,0.588,0.465
1627779,Marcus Paige,1610612766,CHA,1,1,0,2.9,0,0,0,0,0,0,0,0,0,0,0,0,0,0
203935,Marcus Smart,1610612738,BOS,41,29,12,30.8,10.2,3,0.481,3,0.297,2.5,0.336,0.9,0.393,0.4,0.25,0.5,0.818,0.422
201596,Mario Chalmers,1610612763,MEM,41,15,26,22.5,7.4,3.3,0.409,2.1,0.319,1.3,0.316,0.1,0.2,0,0,0.2,0.6,0.41
1626209,Mario Hezonja,1610612753,ORL,38,9,29,17.5,7.1,1.7,0.564,2.2,0.287,1.2,0.463,0.7,0.688,0.1,0.25,0.3,0.833,0.526
1628365,Markelle Fultz,1610612755,PHI,4,1,3,18.9,6,3.5,0.308,0,0,0.5,0.143,1.5,1,0,0,0.5,1,0.333
202693,Markieff Morris,1610612764,WAS,38,21,17,25.1,10,0.5,0.3,3.6,0.394,1.2,0.349,2.2,0.706,1.9,0.457,0.8,0.519,0.514
1627737,Marquese Chriss,1610612756,PHX,42,16,26,21.2,7.2,0.6,0.381,2.7,0.323,0.1,0.167,1.6,0.583,0.6,0.476,0.4,0.5,0.485
201578,Marreese Speights,1610612753,ORL,35,8,27,13.1,7.3,0.2,0.143,5.1,0.365,0.3,0.375,0.5,0.421,1,0.517,0.2,0.5,0.491
101107,Marvin Williams,1610612766,CHA,43,18,25,25.8,9.7,0.8,0.387,5.1,0.446,0.6,0.462,1.4,0.556,0.6,0.667,0.6,0.75,0.607
203486,Mason Plumlee,1610612743,DEN,46,23,23,20.4,7,0.6,0.4,0.2,0.571,0.2,0.357,4.1,0.598,0.9,0.526,0.8,0.571,0.567
1627856,Matt Costello,1610612759,SAS,3,2,1,5.9,0.7,0,0,0,0,0,0,0,0,0,0,0,0,0.333
1628475,Matt Williams Jr.,1610612748,MIA,3,1,2,3.8,1.7,0,0,1,0.25,0.7,0.5,0,0,0,0,0,0,0.417
203521,Matthew Dellavedova,1610612749,MIL,28,15,13,18.2,4.5,1.5,0.422,2,0.38,1,0.333,0.1,0.5,0,0,0,0,0.466
203090,Maurice Harkless,1610612757,POR,37,20,17,20.5,5.4,0.2,0.111,1.7,0.35,0.1,0.222,2.1,0.673,0.4,0.467,0.3,0.75,0.506
1628467,Maxi Kleber,1610612742,DAL,39,13,26,17.9,5.5,0.4,0.6,1.7,0.329,0.2,0.25,2.7,0.635,0.3,0.667,0.2,0.429,0.548
203086,Meyers Leonard,1610612757,POR,15,6,9,9.8,5,0,0,2.1,0.5,0.8,0.857,1.3,0.909,0.4,0.75,0.9,0.667,0.676
201563,Michael Beasley,1610612752,NYK,38,15,23,18.9,12,3.4,0.486,1.2,0.422,1.6,0.322,3,0.699,2,0.419,2,0.603,0.532
203487,Michael Carter-Williams,1610612766,CHA,32,13,19,15.8,4.1,1.5,0.264,0.7,0.28,0.6,0.242,0.4,0.267,0,0,0,0,0.332
203077,Michael Kidd-Gilchrist,1610612766,CHA,37,17,20,26.5,10.3,2.3,0.468,1,0.367,1.8,0.4,2,0.681,0.5,0.667,0.6,0.5,0.494
201144,Mike Conley,1610612763,MEM,12,7,5,31.1,17.1,8.5,0.507,2.5,0.313,5,0.311,0.4,0.333,0,0,0.2,0.5,0.452
1628455,Mike James,1610612740,NOP,32,10,22,20.9,10.4,4.5,0.486,0.6,0.269,3,0.288,0.1,0.25,0,0,0.1,0.5,0.429
203488,Mike Muscala,1610612737,ATL,15,3,12,17.1,5.7,0.6,0.4,2.5,0.467,0.3,0.333,1.6,0.556,0,0,0.5,0.5,0.548
203118,Mike Scott,1610612764,WAS,42,23,19,18.7,9.3,0.6,0.667,4.2,0.543,1.5,0.582,1.6,0.588,1.4,0.641,1.3,0.8,0.656
203101,Miles Plumlee,1610612737,ATL,25,9,16,18.3,4.7,0,0,0,0,0,0,3.2,0.638,0.1,0.143,0.8,0.526,0.612
1628462,Milos Teodosic,1610612746,LAC,17,13,4,25.1,9.2,0.5,0.429,4.2,0.439,3.9,0.351,0,0,0,0,0,0,0.511
1628495,Milton Doyle,1610612751,BKN,6,0,6,10.5,3,1,0.3,1,0.222,0,0,0,0,0,0,0,0,0.32
1627851,Mindaugas Kuzminskas,1610612752,NYK,1,0,1,1.9,0,0,0,0,0,0,0,0,0,0,0,0,0,0
203141,Mirza Teletovic,1610612749,MIL,9,4,5,15.8,7.6,0,0,6.8,0.512,0.6,0.333,0.2,0.5,0.2,1,0,0,0.654
1628420,Monte Morris,1610612743,DEN,1,1,0,3,0,0,0,0,0,0,0,0,0,0,0,0,0,0
1626149,Montrezl Harrell,1610612746,LAC,38,20,18,14.8,8.3,0.8,0.579,0.1,0.2,0.2,0.375,3.6,0.674,1.6,0.466,0.9,0.654,0.601
1626167,Myles Turner,1610612754,IND,33,17,16,29.2,13.9,1.1,0.542,5.9,0.435,1,0.486,3.3,0.603,1.7,0.431,2,0.52,0.53
203489,Nate Wolters,1610612762,UTA,5,3,2,3.8,0.4,0.4,0.2,0,0,0.4,0.333,0,0,0,0,0,0,0.167
1628513,Naz Mitrou-Long,1610612762,UTA,1,0,1,0.5,3,0,0,3,1,0,0,0,0,0,0,0,0,1.5
202357,Nemanja Bjelica,1610612750,MIN,32,20,12,13.5,5.5,1.3,0.594,2.6,0.459,0.3,0.5,1.1,0.609,0,0,0.2,0.667,0.63
2403,Nene,1610612745,HOU,28,21,7,15.1,7.5,0.7,0.571,0.9,0.48,0,0,3.5,0.586,0.2,0.333,2.5,0.604,0.603
203457,Nerlens Noel,1610612742,DAL,18,4,14,12.5,4,0.1,0.5,0.2,0.333,0,0,3.2,0.565,0,0,0.3,0.5,0.528
2555,Nick Collison,1610612760,OKC,6,4,2,4.6,1.3,0,0,0,0,0,0,1,1,0,0,1,1,1
201156,Nick Young,1610612744,GSW,44,35,9,14.4,6.6,0.6,0.625,3.1,0.412,2,0.389,0.5,0.857,0,0.5,0.3,0.857,0.572
201587,Nicolas Batum,1610612766,CHA,29,12,17,31.1,10.4,1.2,0.542,3.9,0.336,3.3,0.387,1.1,0.789,1,0.367,0.3,0.5,0.457
1627852,Nicolas Brussino,1610612737,ATL,4,0,4,2.5,0,0,0,0,0,0,0,0,0,0,0,0,0,0
203917,Nik Stauskas,1610612751,BKN,22,8,14,12.2,4.4,0.6,0.333,2.2,0.5,1.3,0.357,0.1,0,0,0,0,0,0.558
203999,Nikola Jokic,1610612743,DEN,39,20,19,31,16.2,1.3,0.5,5.2,0.396,1,0.415,5.3,0.632,3.1,0.474,1.3,0.474,0.524
202703,Nikola Mirotic,1610612741,CHI,20,13,7,25,17.7,0.8,0.308,7.1,0.438,3.9,0.464,3.2,0.65,2.5,0.447,0.8,0.8,0.606
202696,Nikola Vucevic,1610612753,ORL,34,11,23,29.9,17.4,1.2,0.548,7.2,0.394,0.8,0.325,6.2,0.609,2.6,0.488,2.5,0.59,0.539
203943,Noah Vonleh,1610612757,POR,28,14,14,16,3.9,0.3,0.6,0.8,0.407,0.2,0.6,1.9,0.645,0.4,0.417,0.3,0.571,0.5
1626181,Norman Powell,1610612761,TOR,39,26,13,17.2,6.6,2.3,0.481,2.1,0.293,0.7,0.275,0.2,0.75,0,0,0.2,1,0.456
1628384,OG Anunoby,1610612761,TOR,44,31,13,21.5,6.1,0.8,0.452,3,0.369,0.2,0.176,0.7,0.632,0,0,0.2,1,0.553
1627855,Okaro White,1610612748,MIA,6,2,4,13.3,3.3,0,0,2,0.364,0.3,1,0.8,0.667,0,0,0,0,0.563
201600,Omer Asik,1610612740,NOP,11,6,5,7.7,1.2,0,0,0.2,0.5,0,0,0.4,0.333,0,0,0.5,0.5,0.385
201956,Omri Casspi,1610612744,GSW,36,29,7,16.5,6.8,0.9,0.519,0.7,0.5,0.2,0.6,3,0.6,0.3,0.444,0.6,0.529,0.63
203490,Otto Porter Jr.,1610612764,WAS,42,25,17,31.8,13.7,1.5,0.481,5.5,0.442,2.8,0.432,1.9,0.61,0.7,0.538,0.9,0.593,0.564
200782,PJ Tucker,1610612745,HOU,43,31,12,27.1,5.4,0.3,0.267,3.2,0.329,0.1,0.2,0.9,0.667,0,0,0,0,0.486
1627783,Pascal Siakam,1610612761,TOR,43,31,12,19.9,6.4,1.2,0.479,1,0.161,0.1,0.4,2.7,0.744,0.2,0.6,0.6,0.643,0.5
1626192,Pat Connaughton,1610612757,POR,45,24,21,19.8,6.5,1.2,0.537,2.9,0.37,0.7,0.4,0.6,0.522,0,0,0.2,0.714,0.559
201976,Patrick Beverley,1610612746,LAC,11,5,6,30.3,12.2,3.8,0.409,5.2,0.422,1.9,0.258,0.5,0.6,0,0,0.2,0.5,0.504
1627775,Patrick McCaw,1610612744,GSW,42,34,8,16.3,4.1,0.7,0.48,1.3,0.311,0.1,0.133,0.7,0.636,0,0,0.3,0.571,0.497
202335,Patrick Patterson,1610612760,OKC,43,25,18,14.1,3,0.4,0.2,2.1,0.349,0.1,0.375,0.2,0.2,0,0,0.1,0.286,0.451
201988,Patty Mills,1610612759,SAS,47,30,17,24.4,9.7,1.2,0.543,3.5,0.393,3.4,0.383,0.2,0.6,0,0,0.1,1,0.528
2200,Pau Gasol,1610612759,SAS,45,29,16,25.2,10.6,1.1,0.548,3.9,0.392,0.5,0.387,3.2,0.586,1.3,0.41,1.6,0.552,0.512
202331,Paul George,1610612760,OKC,41,24,17,36.4,20.5,3.8,0.397,7.9,0.415,4.6,0.351,1.1,0.677,0.5,0.333,0.4,0.5,0.525
200794,Paul Millsap,1610612743,DEN,16,9,7,29.7,15.3,4.1,0.452,3.9,0.393,2.1,0.348,2.2,0.64,1.9,0.44,0.9,0.857,0.495
1627835,Paul Zipser,1610612741,CHI,39,14,25,15,3.6,1,0.415,1.7,0.333,0.4,0.182,0.4,0.538,0.1,0.5,0.1,0.25,0.401
203112,Quincy Acy,1610612751,BKN,39,15,24,19.5,6,0.5,0.2,4.2,0.354,0.3,0.4,0.5,0.455,0.1,0,0.1,0,0.49
202347,Quincy Pondexter,1610612741,CHI,19,5,14,9.7,2.4,0.4,0.364,0.5,0.176,0,0,0.7,0.6,0,0,0.2,1,0.316
1626188,Quinn Cook,1610612744,GSW,10,8,2,10.3,3.2,0.6,0.6,1.5,0.455,1,0.417,0.2,0.5,0,0,0.2,0.5,0.534
1626154,RJ Hunter,1610612745,HOU,2,1,1,0.8,0,0,0,0,0,0,0,0,0,0,0,0,0,0
200765,Rajon Rondo,1610612740,NOP,30,16,14,25,7.2,2.8,0.565,1.2,0.273,1.6,0.396,0.5,0.625,0,0,0.1,1,0.525
201196,Ramon Sessions,1610612752,NYK,13,3,10,12.9,3.7,2.3,0.29,0.4,0.25,0.2,0.077,0.2,1,0,0,0.3,1,0.34
1626173,Rashad Vaughn,1610612749,MIL,16,8,8,10.2,3.5,0.6,0.5,2.3,0.414,0.4,0.333,0.1,0,0,0,0.3,1,0.542
203526,Raul Neto,1610612762,UTA,20,9,11,12.9,4.9,2.1,0.545,1.8,0.522,0.6,0.294,0.4,0.667,0,0,0.1,0.333,0.557
101109,Raymond Felton,1610612760,OKC,43,25,18,17.2,6.8,2.3,0.489,1.8,0.342,2.6,0.397,0.2,0.6,0,0,0.2,0.6,0.477
203493,Reggie Bullock,1610612765,DET,30,17,13,23.5,7.8,0.6,0.615,4.2,0.453,0.4,0.278,1.6,0.605,0,0,0.2,0.6,0.628
202704,Reggie Jackson,1610612765,DET,33,19,14,27.1,14.6,7,0.492,2.2,0.348,5,0.437,0.4,0.8,0,0,0.2,1,0.498
2210,Richard Jefferson,1610612743,DEN,15,7,8,8.8,1.7,0.7,0.571,0.3,0.286,0.3,0.667,0.5,0.333,0,0,0,0,0.458
1626158,Richaun Holmes,1610612755,PHI,21,8,13,16.3,7,1,0.615,0.7,0.231,0.2,0.4,4.6,0.636,0.3,0.6,0.3,0.214,0.541
201937,Ricky Rubio,1610612762,UTA,44,18,26,29,11.3,3.2,0.435,2.3,0.302,4.3,0.408,0.1,0.667,0,0,0,0.25,0.443
203496,Robert Covington,1610612755,PHI,38,20,18,32.5,13.6,1.4,0.459,7.7,0.373,1.3,0.438,1.3,0.512,0.1,0,0.5,0.5,0.544
201577,Robin Lopez,1610612741,CHI,45,17,28,28.3,12.7,0.7,0.467,2.2,0.376,0.4,0.29,5.9,0.596,2,0.512,3.5,0.609,0.535
203918,Rodney Hood,1610612762,UTA,36,13,23,28.3,16.7,4.2,0.456,5.8,0.38,4.7,0.371,0.4,0.429,0,0,0.5,0.5,0.506
1627758,Ron Baker,1610612752,NYK,23,9,14,14.7,2.6,0.3,0.125,0.8,0.261,0.3,0.3,0.4,0.625,0,0,0.1,1,0.377
1626178,Rondae Hollis-Jefferson,1610612751,BKN,41,15,26,28.3,14.3,3.4,0.402,1.6,0.385,2.1,0.44,3.1,0.544,2.8,0.506,1.5,0.512,0.478
1626220,Royce O'Neale,1610612762,UTA,32,13,19,11,3.7,0.8,0.25,1,0.333,0.7,0.32,0.2,1,0,0,0.2,1,0.463
200752,Rudy Gay,1610612759,SAS,34,24,10,22.7,11.5,2.8,0.39,1.9,0.316,3,0.495,2.2,0.689,2.3,0.607,0.7,0.625,0.513
203497,Rudy Gobert,1610612762,UTA,19,7,12,29.9,12.2,0.6,0.5,0.1,0.333,0,0,7.8,0.62,0.1,0.5,2.6,0.5,0.606
201566,Russell Westbrook,1610612760,OKC,43,25,18,35.9,24.7,8.2,0.465,1.6,0.391,8.3,0.342,1.2,0.478,0.3,0.429,0.9,0.75,0.47
201583,Ryan Anderson,1610612745,HOU,42,30,12,28.6,10.3,0.8,0.563,6.1,0.382,1.4,0.444,1.4,0.59,0.3,0.6,0.1,0.4,0.556
1627853,Ryan Arcidiacono,1610612741,CHI,1,0,1,5.3,0,0,0,0,0,0,0,0,0,0,0,0,0,0
1626257,Salah Mejri,1610612742,DAL,40,14,26,11.7,3.4,0,0,0,0,0,0,2.6,0.723,0,0,0.6,0.8,0.691
1626155,Sam Dekker,1610612746,LAC,40,21,19,14.9,4.9,1.1,0.381,0.5,0.14,0.3,0.235,1.5,0.757,0,0,0.4,0.889,0.478
203930,Sean Kilpatrick,1610612749,MIL,24,9,15,10.5,4.8,0.9,0.304,1.5,0.293,0.9,0.231,0.1,0,0,0,0.2,1,0.4
1628400,Semi Ojeleye,1610612738,BOS,38,27,11,13.6,2.4,0.1,0.167,1.5,0.275,0.2,0.6,0.2,0.5,0,0,0.1,0.5,0.439
201586,Serge Ibaka,1610612761,TOR,39,26,13,28,13.2,2.5,0.586,5.9,0.385,1.5,0.444,2.4,0.594,1.1,0.576,1,0.531,0.546
203498,Shabazz Muhammad,1610612750,MIN,26,16,10,10.1,3.7,0.7,0.381,0.5,0.263,0.1,0.143,1.2,0.5,0.6,0.5,0.4,0.5,0.396
203894,Shabazz Napier,1610612757,POR,39,21,18,21.4,10.1,2,0.391,2.1,0.475,3.5,0.448,0.4,0.6,0,0,0.2,0.571,0.551
203499,Shane Larkin,1610612738,BOS,31,23,8,11.3,3.9,1.2,0.478,1.5,0.5,0.7,0.25,0,0,0,0,0.1,0,0.515
2733,Shaun Livingston,1610612744,GSW,39,31,8,15.9,5.4,0.7,0.385,0.1,0.286,2.2,0.426,1.4,0.578,0.8,0.516,0.4,0.467,0.514
202714,Shelvin Mack,1610612753,ORL,32,9,23,16.4,4,1.9,0.393,0.8,0.333,0.6,0.243,0.2,0.667,0,0,0.1,1,0.432
1628414,Sindarius Thornwell,1610612746,LAC,42,22,20,13,3.2,0.9,0.359,1.1,0.386,0.2,0.5,0.3,0.556,0,0,0,0,0.483
1627746,Skal Labissiere,1610612758,SAC,39,11,28,17.5,7.6,0.8,0.565,1.7,0.429,0.5,0.214,2.9,0.527,1.6,0.342,1.1,0.563,0.466
203915,Spencer Dinwiddie,1610612751,BKN,43,16,27,28.4,13.3,5.4,0.457,2.9,0.389,4,0.319,0.6,0.714,0.1,0,0,1,0.478
1626169,Stanley Johnson,1610612765,DET,33,17,16,27.1,7.2,1.2,0.316,3,0.318,1.1,0.29,0.4,0.5,0.2,0.5,0.1,1,0.421
201939,Stephen Curry,1610612744,GSW,31,26,5,32.7,27.7,4.3,0.542,7.7,0.452,8.7,0.469,1.5,0.69,0.2,0.667,1.2,0.8,0.613
1628425,Sterling Brown,1610612749,MIL,19,8,11,9.2,2.9,0.6,0.308,1.1,0.412,0.8,0.7,0.2,0.5,0,0,0,0,0.51
203500,Steven Adams,1610612760,OKC,39,21,18,32,13.6,0,0,0.5,0.6,0,0,11,0.67,0.8,0.519,2.8,0.628,0.641
204456,T.J. McConnell,1610612755,PHI,35,20,15,24.8,7.5,3.2,0.5,1.3,0.405,2.6,0.556,0.2,0.8,0,0,0.1,0.5,0.572
1628388,TJ Leaf,1610612754,IND,37,20,17,9.9,3.3,0.6,0.5,1.4,0.472,0.2,0.273,0.9,0.552,0.1,0.286,0.3,0.455,0.541
203933,TJ Warren,1610612756,PHX,43,17,26,32.2,19.8,3.9,0.439,2.5,0.356,2.8,0.372,4.5,0.65,1.3,0.65,2.1,0.475,0.504
201959,Taj Gibson,1610612750,MIN,47,29,18,33.6,12,0.5,0.556,1.6,0.34,0.3,0.292,7.4,0.687,1.4,0.608,1.9,0.508,0.582
204028,Tarik Black,1610612745,HOU,33,24,9,10,3.7,0,0,0,0,0,0,2.3,0.647,0,0,1,0.7,0.58
1627752,Taurean Prince,1610612737,ATL,43,13,30,31,12.4,4,0.434,5.1,0.406,1.3,0.292,0.8,0.652,0,0.5,0.1,0.667,0.506
1628390,Terrance Ferguson,1610612760,OKC,28,17,11,11.9,2.7,0.1,0.333,1.6,0.296,0.3,0.571,0.4,0.625,0,0,0.2,0.6,0.481
203082,Terrence Ross,1610612753,ORL,22,9,13,26.2,9,1.7,0.375,3.5,0.368,2,0.339,0.5,0.833,0,0,0.2,0.333,0.486
1626179,Terry Rozier,1610612738,BOS,43,31,12,23.1,9.3,1.7,0.33,3,0.374,2.9,0.371,0.3,0.667,0,0,0,1,0.49
200757,Thabo Sefolosha,1610612762,UTA,38,16,22,21.2,8.2,1.5,0.457,2.8,0.4,0.6,0.393,1.2,0.677,0,0,0.8,0.765,0.558
201152,Thaddeus Young,1610612754,IND,46,24,22,32.4,11.7,1.2,0.347,2.9,0.361,1.1,0.404,3.9,0.708,1.9,0.467,0.9,0.529,0.525
1628418,Thomas Bryant,1610612747,LAL,3,1,2,2.1,0.3,0,0,0,0,0,0,0.3,0,0,0,0,0,0
1627748,Thon Maker,1610612749,MIL,43,23,20,18.3,4.5,0.2,0.4,2.3,0.404,0,0,1.5,0.415,0,0,0.5,0.5,0.454
204025,Tim Frazier,1610612764,WAS,34,19,15,15.3,3.3,1.2,0.625,0.7,0.36,1,0.319,0.1,0.667,0,0,0.1,1,0.462
203501,Tim Hardaway Jr.,1610612752,NYK,25,12,13,33.1,18.5,3.5,0.41,5.8,0.398,4.4,0.359,1.4,0.684,0,0,0.6,0.7,0.519
202389,Timofey Mozgov,1610612751,BKN,23,9,14,13.4,4.7,0.3,1,0.6,0.238,0,0,2.4,0.641,0.6,0.875,0.7,0.667,0.579
1627789,Timothe Luwawu-Cabarrot,1610612755,PHI,36,20,16,15.4,5.8,0.8,0.286,2.8,0.315,0.2,0.3,0.9,0.684,0,0,0.2,0.667,0.466
202699,Tobias Harris,1610612765,DET,44,22,22,32.5,18,4.9,0.441,6,0.408,3.9,0.425,1.2,0.583,1,0.474,0.8,0.696,0.537
203107,Tomas Satoransky,1610612764,WAS,37,22,15,16.2,4.9,1.5,0.535,1.4,0.474,0.8,0.366,0.5,0.615,0.1,1,0.1,0.667,0.562
2754,Tony Allen,1610612740,NOP,22,12,10,12.4,4.7,0.6,0.353,0.6,0.313,0,0,1.7,0.483,0.1,0.5,0.5,1,0.505
1628396,Tony Bradley,1610612762,UTA,8,5,3,3.5,1,0,0,0.3,0.2,0,0,0.5,0.333,0,0,0.5,0.4,0.273
2225,Tony Parker,1610612759,SAS,21,15,6,21.7,8,4.5,0.541,0.9,0.4,1.9,0.339,0.2,0.333,0,0,0.1,0.5,0.472
203503,Tony Snell,1610612749,MIL,38,21,17,29,7.9,1.3,0.563,4.6,0.407,0.5,0.391,0.4,0.556,0,0,0.4,0.6,0.602
1628470,Torrey Craig,1610612743,DEN,16,7,9,14.2,3.3,0.3,0.333,1.1,0.3,0,0,1,0.778,0,0,0.1,1,0.5
1626203,Treveon Graham,1610612766,CHA,30,13,17,17,5.2,1.1,0.375,2.1,0.412,0.6,0.364,0.8,0.588,0,0,0.1,0.5,0.537
2772,Trevor Ariza,1610612745,HOU,40,28,12,36.2,12.4,1,0.326,7.4,0.403,1,0.275,0.5,0.533,0.1,0.333,0.3,0.75,0.565
202344,Trevor Booker,1610612755,PHI,33,15,18,18.8,8,1.2,0.385,0.3,0.267,0.2,0.222,3.5,0.602,1,0.457,1.4,0.611,0.539
203504,Trey Burke,1610612752,NYK,2,2,0,11.6,6,1.5,0.5,0,0,3.5,0.5,0,0,0,0,0,0,0.643
1626168,Trey Lyles,1610612743,DEN,41,20,21,20.3,10.6,2.2,0.486,3.8,0.444,0.8,0.318,2,0.735,0.9,0.517,0.5,0.667,0.594
202684,Tristan Thompson,1610612739,CLE,24,10,14,18.8,5,0.2,0.333,0,0,0,0,3.5,0.607,0.3,0.75,0.5,0.444,0.581
203584,Troy Daniels,1610612756,PHX,46,17,29,18.7,8.4,0.4,0.381,5.2,0.426,1.9,0.44,0.1,0.5,0,1,0.2,0.5,0.592
1627786,Troy Williams,1610612745,HOU,4,3,1,4.2,1.3,0.3,0,0,0,0.5,0.2,0.5,0,0,0,0,0,0.222
1628463,Tyler Cavanaugh,1610612737,ATL,29,10,19,13.7,5.1,0.2,0.75,3,0.425,0.1,0.25,1.2,0.68,0,0,0.2,0.4,0.607
1628416,Tyler Dorsey,1610612737,ATL,18,4,14,7.6,2.8,0.3,0.2,1.3,0.348,0.9,0.333,0,0,0,0,0,0,0.423
203898,Tyler Ennis,1610612747,LAL,26,9,17,11.3,3.5,1.3,0.41,0.5,0.263,0.3,0.174,0,0,0,0,0.2,0.667,0.416
204020,Tyler Johnson,1610612748,MIA,39,22,17,29.4,11.9,3,0.511,4.9,0.351,1.7,0.385,0.4,0.462,0,0,0.3,0.5,0.501
1628399,Tyler Lydon,1610612743,DEN,1,1,0,2.2,0,0,0,0,0,0,0,0,0,0,0,0,0,0
1627755,Tyler Ulis,1610612756,PHX,45,17,28,24,7.4,3.3,0.415,0.8,0.286,3.6,0.374,0,0,0,0,0,0.167,0.408
203092,Tyler Zeller,1610612751,BKN,35,12,23,17.2,7.3,0.5,0.625,1,0.406,0,0,4.2,0.578,0.3,0.364,1.3,0.545,0.558
201936,Tyreke Evans,1610612763,MEM,43,16,27,31,19.6,7.2,0.496,2.7,0.392,5.1,0.408,0.7,0.394,0.2,0.571,0.4,0.643,0.53
1627820,Tyrone Wallace,1610612746,LAC,7,6,1,31.2,12.4,4.3,0.476,2.1,0.385,0,0,0.9,0.667,0,0,1,0.75,0.54
2199,Tyson Chandler,1610612756,PHX,35,14,21,25.7,6.5,0,0,0.1,0.667,0,0,5.5,0.642,0.1,0.5,0.6,0.545,0.614
1626145,Tyus Jones,1610612750,MIN,47,29,18,18.5,4.8,1.3,0.489,1.5,0.393,0.7,0.348,0.1,0.6,0,0,0,0.5,0.528
2617,Udonis Haslem,1610612748,MIA,8,3,5,5.7,0.6,0,0,0.4,0.25,0,0,0.3,1,0,0,0,0,0.5
203505,Vander Blue,1610612747,LAL,5,1,4,9,0.6,0.4,0.5,0,0,0,0,0,0,0,0,0,0,0.2
203506,Victor Oladipo,1610612754,IND,41,24,17,34.1,24.3,6.7,0.539,4.5,0.411,7.8,0.415,1.3,0.647,0,0,0.8,0.545,0.552
1713,Vince Carter,1610612758,SAC,27,9,18,15.7,4.5,0.7,0.538,2.5,0.377,0.5,0.286,0.3,0.286,0.4,0.455,0.1,0.167,0.491
1626205,Vincent Hunter,1610612763,MEM,4,0,4,1.9,1.5,0,0,0.5,1,0,0,0.5,0.5,0.5,0.5,0.5,1,0.6
201961,Wayne Ellington,1610612748,MIA,44,25,19,25.3,10.9,0.3,0.438,7.3,0.424,2,0.356,0.3,0.455,0,0,0.1,0.2,0.588
1627782,Wayne Selden,1610612763,MEM,10,5,5,12.2,5.6,1.2,0.385,1.8,0.4,0.7,0.25,0.2,1,0,0,0,0,0.457
1628411,Wes Iwundu,1610612753,ORL,27,6,21,13.5,3.5,1.2,0.519,0.6,0.375,0.5,0.292,0.6,0.467,0,0,0.2,1,0.483
202325,Wesley Johnson,1610612746,LAC,39,20,19,23.9,6.9,0.8,0.571,3.2,0.344,1.3,0.381,1,0.762,0,0,0.4,1,0.489
202083,Wesley Matthews,1610612742,DAL,45,15,30,34.5,12.2,2,0.427,6,0.396,2.7,0.362,0.6,0.565,0.6,0.462,0.2,0.5,0.515
203115,Will Barton,1610612743,DEN,45,23,22,31,14.5,3.9,0.398,3.7,0.409,2.6,0.329,1.3,0.735,0,0,0.5,0.818,0.512
1626161,Willie Cauley-Stein,1610612758,SAC,42,12,30,26.8,12.3,1.9,0.433,1.3,0.45,0.5,0.239,5.1,0.591,1.9,0.405,2.4,0.449,0.514
203186,Willie Reed,1610612746,LAC,36,17,19,10.8,5,0.2,0.4,0.3,0.545,0.1,0.25,3.5,0.761,0.5,0.474,0.8,0.684,0.665
1626195,Willy Hernangomez,1610612752,NYK,19,7,12,9.3,4.5,0.1,1,0.3,0.222,0,0,2.3,0.618,0.6,0.462,0.8,0.6,0.59
201163,Wilson Chandler,1610612743,DEN,42,20,22,31.1,9.2,2.5,0.481,2.7,0.348,0.9,0.234,1.9,0.517,0.5,0.37,0.2,0.571,0.475
1627812,Yogi Ferrell,1610612742,DAL,45,15,30,28.8,10.2,2.4,0.46,3.5,0.431,3.7,0.426,0.2,0.556,0,0,0.1,0.75,0.547
1628380,Zach Collins,1610612757,POR,29,16,13,14.8,4.1,0.2,0.429,1.7,0.321,0.1,0.167,1.2,0.455,0.6,0.333,0.3,0.364,0.455
203897,Zach LaVine,1610612741,CHI,3,2,1,19.7,12.3,2.7,0.5,1,0.333,6,0.412,1.3,0.5,0,0,1.3,1,0.5
2216,Zach Randolph,1610612758,SAC,40,12,28,25.1,14.5,2.1,0.5,4.1,0.395,0.9,0.353,4.3,0.613,4.4,0.503,1.5,0.522,0.513
2585,Zaza Pachulia,1610612744,GSW,36,28,8,14.5,5.6,0.1,0,0.7,0.462,0.1,0.667,3.4,0.639,0.4,0.308,1.6,0.632,0.587
1627753,Zhou Qi,1610612745,HOU,14,11,3,5.4,1.2,0.1,0,0.4,0.133,0,0,0.4,0.333,0,0,0.1,0.333,0.208
